k,m,reference_pool,n,observations,physical_median,quotient_median,paired_ratio_median,paired_ratio_q25,paired_ratio_q75,paired_ratio_ci_low,paired_ratio_ci_high,quotient_wins,physical_wins,floor_median
2,100,0,1024,192,0.07247698320662602,0.054942734039148844,1.3114884506654647,1.048599021105088,3.496897276612984,1.171990076164838,1.8421181370097848,166,26,0.052572952563595024
2,100,0,4096,192,0.06381299111815171,0.05329640607997653,1.0718744263521056,0.9933917333300855,1.4905680469750364,1.0427706911643115,1.1448757470049018,140,52,0.052572952563595024
2,100,0,16384,192,0.056352802666136986,0.0520666049070445,1.0284663374244287,0.9715295473655059,1.1211509451312722,1.0194433086006558,1.04109952180552,127,65,0.052572952563595024
2,100,0,65536,192,0.052531615769863135,0.05326774018632811,1.00044092220325,0.953985072228849,1.0699166259094743,0.9847657710640229,1.0182952832466694,97,95,0.052572952563595024
2,100,0,262144,192,0.053412806697562334,0.05334606362951713,0.993201013155826,0.9348988629848086,1.0564914238958378,0.9823290275288599,1.0084767865443147,90,102,0.052572952563595024
2,100,0,1048576,192,0.0527417116412893,0.05355423599240986,1.0089345877126759,0.9408765250346479,1.0607902784817358,0.9883133948476207,1.0173207193803224,99,93,0.052572952563595024
2,100,0,4194304,192,0.05430208073402756,0.05232657672754039,0.994231500362283,0.9412741766240534,1.056506939758182,0.9852301752965504,1.0117355990280983,90,102,0.052572952563595024
2,100,1,1024,192,0.07287319445814938,0.05532935257241225,1.3469190057540348,1.0466415103703954,3.307875589107039,1.1669915341442372,1.8971320543043109,169,23,0.052572952563595024
2,100,1,4096,192,0.06435628131688573,0.0530274726863614,1.0899924777186805,0.995297083006459,1.4650827353313691,1.0491660588267642,1.1470786167588818,139,53,0.052572952563595024
2,100,1,16384,192,0.05657265875455923,0.052517943302053324,1.024940189112828,0.9744036056151258,1.1123974628541031,1.0148975073427622,1.044897897253983,120,72,0.052572952563595024
2,100,1,65536,192,0.05189701579646208,0.052790731713636935,0.9986593911644415,0.9454388991194317,1.0688184850318447,0.9839825084145958,1.0167429275346183,95,97,0.052572952563595024
2,100,1,262144,192,0.05351026794319042,0.053331233769070896,0.9917316597791013,0.9374047248822145,1.0379207300549949,0.9781896968536661,1.0023964622604702,86,106,0.052572952563595024
2,100,1,1048576,192,0.0520882778824307,0.05333331581268179,1.006064215433696,0.9319420639934578,1.060836111365293,0.9893654898669356,1.0164393159085856,102,90,0.052572952563595024
2,100,1,4194304,192,0.053811996380612265,0.05245457412801725,1.0029259202863168,0.9488262913747728,1.0573456461406532,0.9891512009681565,1.0165606206220383,98,94,0.052572952563595024
2,500,0,1024,192,0.054793404873181135,0.028310886845112786,2.019173823233066,1.1478156874058345,5.689514579718316,1.5693354872534513,2.971875653195031,189,3,0.024499937846791005
2,500,0,4096,192,0.033197334706550466,0.025505705041977092,1.177620654285849,1.0311686726756193,2.436948922320637,1.1019988801903478,1.349599680539074,163,29,0.024499937846791005
2,500,0,16384,192,0.028169305507326516,0.024709198657004258,1.0515212094529214,0.9859873101380819,1.1939524521968652,1.0238000316427518,1.0743289799607947,127,65,0.024499937846791005
2,500,0,65536,192,0.025417897443706174,0.024770212482292907,1.0158112862573878,0.964954132114543,1.0733125417888916,0.9992425159696655,1.029720243001692,109,83,0.024499937846791005
2,500,0,262144,192,0.024462128942273557,0.024620185226017277,0.9986903590154862,0.9530188936046715,1.0460822024910654,0.9902210811766182,1.010618326365308,95,97,0.024499937846791005
2,500,0,1048576,192,0.0248608119176235,0.024965923433701662,1.00158880811827,0.9472843121551379,1.0681027131281098,0.9889517750659911,1.0126619850539413,99,93,0.024499937846791005
2,500,0,4194304,192,0.024387482650624584,0.02488842274520349,1.007465444866977,0.9425899007892691,1.0557765665554177,0.9839716247084148,1.0184016887824596,102,90,0.024499937846791005
2,500,1,1024,192,0.05475620205882006,0.028480921665538457,2.0348900388781725,1.1633931093296377,5.498621693464384,1.5230118474322591,2.8904793859578293,188,4,0.024499937846791005
2,500,1,4096,192,0.03323561778115108,0.025347013005371403,1.1788605328431556,1.0287763884772037,2.3750585868986693,1.113312238326492,1.321856053528831,159,33,0.024499937846791005
2,500,1,16384,192,0.028450898920279,0.02467444755073772,1.0462595503341916,0.9802297684726762,1.2092269231174864,1.029174256467167,1.0720431415396805,131,61,0.024499937846791005
2,500,1,65536,192,0.025408648263569936,0.02467061015018724,1.0081733495786818,0.9611925722945764,1.0783312325989802,0.9976403500598432,1.0281732330063544,105,87,0.024499937846791005
2,500,1,262144,192,0.024993960746657107,0.024286060770364083,0.9980818653330684,0.954180507766599,1.0451621094881394,0.9882052824339151,1.0105083701413555,95,97,0.024499937846791005
2,500,1,1048576,192,0.024867821326619022,0.02568531635636015,1.0022255520540417,0.9456956428011704,1.0545894670232432,0.9836355526561029,1.0127311288031002,98,94,0.024499937846791005
2,500,1,4194304,192,0.02401598014812916,0.025030391472917708,0.9935974177185902,0.9278505436663558,1.0448007605722722,0.9840239931323392,1.0109322295753465,93,99,0.024499937846791005
3,100,0,1024,48,0.08588766280583415,0.06819890012275698,1.3506224135682041,1.0457040055436044,2.483264441741171,1.0927600500649715,2.278545912658961,46,2,0.06348176098832242
3,100,0,4096,48,0.0813640429114302,0.06484981267087875,1.0743777213330254,1.011503322902369,1.8406344155286007,1.0268332363690795,1.6276632302323857,40,8,0.06348176098832242
3,100,0,16384,48,0.07662787327185897,0.06270923551967798,1.0636167258275306,1.0063570298802231,1.196758562754218,1.0201246759866227,1.15734419670825,37,11,0.06348176098832242
3,100,0,65536,48,0.0731698498221735,0.061801179867860975,1.0161665026250788,0.9859620406950177,1.05048762385987,1.0043840919522118,1.0280228420128015,32,16,0.06348176098832242
3,100,0,262144,48,0.0626763843589773,0.061485100883663345,0.9980379294275618,0.9691839602441836,1.0418960190987634,0.9803482529305214,1.0078914509534382,23,25,0.06348176098832242
3,100,0,1048576,48,0.06199030146533623,0.0628389636819453,0.9904118300707976,0.9752821072293977,1.0229209966400117,0.983804673596127,1.0094515077210469,21,27,0.06348176098832242
3,100,0,4194304,48,0.0621694599169617,0.06097944202532399,1.0054203869861313,0.98462208801372,1.032500698009534,0.994728260615077,1.0227933205300748,29,19,0.06348176098832242
3,100,1,1024,48,0.08616767067378388,0.0676617614569402,1.3524231867878274,1.0517646263196632,2.5512947265316415,1.0741833922929778,2.2286147738468416,44,4,0.06348176098832242
3,100,1,4096,48,0.0815007007702564,0.06410539228479807,1.0811841434004954,1.0139179826859257,1.7998999949815826,1.025895933970438,1.6376350184007455,41,7,0.06348176098832242
3,100,1,16384,48,0.07645807116553187,0.06231377278327395,1.0495348058677876,1.0084575890353824,1.203871621067389,1.0237020071112823,1.156254313509265,39,9,0.06348176098832242
3,100,1,65536,48,0.07403413833497713,0.06176954251301704,1.0150110318623753,0.9909164607556796,1.0480004564180319,1.0030158082920602,1.0357798515112082,32,16,0.06348176098832242
3,100,1,262144,48,0.06317174122262126,0.06065175103419092,0.9965170534517598,0.975719918924137,1.0358646393226605,0.9862783009202976,1.008067035061544,22,26,0.06348176098832242
3,100,1,1048576,48,0.06141532557650159,0.06270036604624948,0.9996371069311893,0.9757837182304951,1.0287187226428554,0.9889185445504545,1.0131546790023864,23,25,0.06348176098832242
3,100,1,4194304,48,0.062427584567728144,0.06166779680522329,1.001669620668878,0.9814814223276423,1.0297778409321996,0.9911620331953079,1.0161382535511705,24,24,0.06348176098832242
3,500,0,1024,48,0.06484751260373742,0.041663848372364684,1.8647107402629461,1.201375913135011,3.9626577040422397,1.312224239359166,3.41206080835746,48,0,0.032545324187198035
3,500,0,4096,48,0.04809807172811901,0.03523994960353139,1.2769257652929378,1.0505253809801214,2.7520537357343846,1.0573322863050676,2.4061986703110274,47,1,0.032545324187198035
3,500,0,16384,48,0.043848164145151775,0.03373113368393657,1.05063452205867,1.0090697020193384,1.8003712575744557,1.0230838336711137,1.502091330035089,43,5,0.032545324187198035
3,500,0,65536,48,0.041115400786387424,0.03299592474110822,1.0217169091705751,1.0059086573563634,1.1404115755525257,1.0092197634058548,1.0709468923713945,38,10,0.032545324187198035
3,500,0,262144,48,0.03819634537935878,0.03244026739605484,1.0044822540450555,0.9812499024206104,1.0389611325377477,0.9893337510862243,1.017331807501332,25,23,0.032545324187198035
3,500,0,1048576,48,0.03263081523155173,0.03295689053360484,1.0016880050352353,0.9808106123723639,1.0232448095096847,0.9915442592476916,1.0100328498397053,25,23,0.032545324187198035
3,500,0,4194304,48,0.03300999000802014,0.03253234677592181,1.0033368898471147,0.9804825812237401,1.024282846010679,0.9938387241644001,1.018534494090399,27,21,0.032545324187198035
3,500,1,1024,48,0.06500502584918091,0.0415310958671111,1.8882194726754062,1.2069593872235318,3.891429902073946,1.2986455081601433,3.374205500167853,48,0,0.032545324187198035
3,500,1,4096,48,0.04769287815174709,0.035387456434402706,1.2669327910664827,1.0413279685946026,2.814512743194605,1.060994838382329,2.3803421638670312,47,1,0.032545324187198035
3,500,1,16384,48,0.04387206516880543,0.03334630651987422,1.0757425384088117,1.019950416747239,1.7936541487602453,1.0319105323582312,1.4882952457393175,44,4,0.032545324187198035
3,500,1,65536,48,0.04138009536943088,0.032957394518597194,1.0242426586518731,1.0019325671039025,1.1134094250166455,1.0138409802270971,1.0874329494287818,39,9,0.032545324187198035
3,500,1,262144,48,0.03806784256811564,0.03266512081334308,1.0054294031836406,0.9836100444417161,1.0412545352538056,0.9911144688386938,1.0179329908021704,27,21,0.032545324187198035
3,500,1,1048576,48,0.032323757272275794,0.03303357321238756,1.0040815458855357,0.9822995436677235,1.0285072867186664,0.9930158476464388,1.0185822135094713,26,22,0.032545324187198035
3,500,1,4194304,48,0.03228487194643046,0.03205810070122206,1.0079590034328554,0.9882980408441315,1.0349292897724327,0.9968807817892692,1.013783661280844,28,20,0.032545324187198035
4,100,0,1024,48,0.10418634055058938,0.08083063174855867,1.3847850369418422,1.037612630026967,2.3480121997230743,1.07824964804032,1.688925292630587,48,0,0.07426516133879776
4,100,0,4096,48,0.0894209826219827,0.07591705140928563,1.1087689982165583,1.0207711093580407,2.0083565129987617,1.0365633246494887,1.2785455029928567,44,4,0.07426516133879776
4,100,0,16384,48,0.08798667943615002,0.07429082218845295,1.0345139244203703,0.9988481639633595,1.5189471955564011,1.01151497269881,1.0988066740218827,36,12,0.07426516133879776
4,100,0,65536,48,0.08430709902187809,0.07473954368204636,1.016736238100939,0.9949337118905802,1.1961505128030463,1.0012690605484122,1.0244882044760717,33,15,0.07426516133879776
4,100,0,262144,48,0.0806933065707097,0.07452327205115716,1.0153130336560947,0.9995368160183808,1.0754247160934376,1.003225421458657,1.0266098492370237,35,13,0.07426516133879776
4,100,0,1048576,48,0.07474951915035491,0.07350373255187378,1.0114801681204562,0.9973138650380091,1.0259611808103353,1.0066037061833852,1.0173945825985613,34,14,0.07426516133879776
4,100,0,4194304,48,0.07400035388250836,0.0740665141780589,1.0036734396923643,0.9882102187128634,1.0302271696847942,0.9922256559440596,1.011840690711717,27,21,0.07426516133879776
4,100,1,1024,48,0.10391887602780481,0.07983421729422668,1.3847398758898213,1.0314873494128278,2.334968692811249,1.0759829750275536,1.675533143063,47,1,0.07426516133879776
4,100,1,4096,48,0.08928530295118689,0.0751316068002104,1.1083293949444024,1.020487319987478,2.034381525904823,1.0451050385978529,1.2839453345544738,44,4,0.07426516133879776
4,100,1,16384,48,0.08827749784616755,0.07490596189041335,1.0328695943327721,0.9978065871548388,1.5112896698539946,1.0085113198098485,1.1017088048145438,34,14,0.07426516133879776
4,100,1,65536,48,0.08428027114411817,0.07486822053232084,1.0158532909539266,0.9961625145221774,1.1903146732195693,1.005451372324608,1.0252787699780237,35,13,0.07426516133879776
4,100,1,262144,48,0.08132554695238359,0.07487314922996283,1.0132822577394882,0.9996004970999938,1.0728441903466395,1.0085464021133312,1.0272160561258739,36,12,0.07426516133879776
4,100,1,1048576,48,0.07358321344596334,0.07332849374280456,1.0107807811224998,0.9937551798145714,1.0299410013046453,1.0049950586631635,1.0177651926491629,32,16,0.07426516133879776
4,100,1,4194304,48,0.07372781540718862,0.07460392316430135,1.001118514542136,0.9881650075732611,1.0343789429440018,0.9957352619023176,1.0156856225411877,24,24,0.07426516133879776
4,500,0,1024,48,0.08609524586061018,0.051354262796822786,1.8764851220918186,1.196738670978318,3.371894706776507,1.2684101705799744,2.3307086222010875,48,0,0.0430117742802715
4,500,0,4096,48,0.060335486823041004,0.04771191205202943,1.4191977488888834,1.056429400444203,2.971936478784393,1.0880950597134007,1.7602034245744613,48,0,0.0430117742802715
4,500,0,16384,48,0.05525036981445738,0.044012650354588276,1.1270457259755329,1.015456331608008,2.29531125443253,1.0240505321025646,1.2976621850729564,42,6,0.0430117742802715
4,500,0,65536,48,0.054059361640643316,0.04416693079744376,1.0286556174340702,1.0033470926743704,1.620391041889687,1.008303211947162,1.063699114952068,38,10,0.0430117742802715
4,500,0,262144,48,0.05143181321530138,0.044262296902498485,1.0052892975373384,0.9992124109388623,1.1768838653376443,1.002620191688972,1.0157513660027488,35,13,0.0430117742802715
4,500,0,1048576,48,0.048421529512130676,0.04331147553751472,1.0055697826347512,0.9918183635270228,1.060860609934982,0.9979600838934218,1.0160672646253324,30,18,0.0430117742802715
4,500,0,4194304,48,0.04357422924912536,0.04346557267508938,1.0031274166481619,0.9916860035272614,1.0209825663111438,0.9965130240972986,1.0125433870662977,25,23,0.0430117742802715
4,500,1,1024,48,0.08540264386574274,0.05102503408325522,1.856760300709575,1.1942525011400273,3.2973655236773936,1.2638405789906686,2.25279389893037,48,0,0.0430117742802715
4,500,1,4096,48,0.06048429249001201,0.04856525215280598,1.4198716386855856,1.0585999853172274,2.947383710506522,1.0754049742532477,1.7483462063899822,48,0,0.0430117742802715
4,500,1,16384,48,0.055029794966569165,0.04391630104270632,1.137305415532331,1.013540057047447,2.3570547820473697,1.0225006745766358,1.301985689174462,44,4,0.0430117742802715
4,500,1,65536,48,0.05393918066697661,0.04301494740131937,1.031848389563864,1.0000527188363149,1.6233204577995546,1.006839675309076,1.0839339413624636,36,12,0.0430117742802715
4,500,1,262144,48,0.05107403051147705,0.043638482093128705,1.0054063107741396,0.9969010877550472,1.1745897618193766,0.9998405399000287,1.012368461072524,29,19,0.0430117742802715
4,500,1,1048576,48,0.049002967562363484,0.04327545096247167,1.0052650459423158,0.9944011117550151,1.0442327603597552,0.9985938083722496,1.0210841109624806,28,20,0.0430117742802715
4,500,1,4194304,48,0.04378626204624306,0.043249792725532074,1.0042125336852505,0.9951026222221349,1.017973457626949,0.9993725707638167,1.0113245779562339,30,18,0.0430117742802715
