obs,k,multiplier,threshold,physical_rqmc,quotient_self_normalized
0,2,1.25,0.07905815616028851,1024.0,1024.0
0,2,1.5,0.09486978739234622,1024.0,1024.0
0,2,2.0,0.12649304985646162,1024.0,1024.0
1,2,1.25,0.07877434472553432,1024.0,1024.0
1,2,1.5,0.0945292136706412,1024.0,1024.0
1,2,2.0,0.12603895156085493,1024.0,1024.0
2,2,1.25,0.08585025673999916,1024.0,1024.0
2,2,1.5,0.103020308087999,1024.0,1024.0
2,2,2.0,0.13736041078399866,1024.0,1024.0
3,2,1.25,0.08272887631808405,1024.0,1024.0
3,2,1.5,0.09927465158170087,1024.0,1024.0
3,2,2.0,0.1323662021089345,1024.0,1024.0
4,2,1.25,0.08246140447596553,1024.0,1024.0
4,2,1.5,0.09895368537115863,1024.0,1024.0
4,2,2.0,0.13193824716154484,1024.0,1024.0
5,2,1.25,0.08740955114911776,1024.0,1024.0
5,2,1.5,0.10489146137894131,1024.0,1024.0
5,2,2.0,0.13985528183858842,1024.0,1024.0
6,2,1.25,0.08272355033108032,1024.0,1024.0
6,2,1.5,0.09926826039729639,1024.0,1024.0
6,2,2.0,0.13235768052972852,1024.0,1024.0
7,2,1.25,0.07900872709299439,1024.0,1024.0
7,2,1.5,0.09481047251159326,1024.0,1024.0
7,2,2.0,0.12641396334879101,1024.0,1024.0
8,2,1.25,0.0801357061166782,1024.0,1024.0
8,2,1.5,0.09616284734001385,1024.0,1024.0
8,2,2.0,0.12821712978668512,1024.0,1024.0
9,2,1.25,0.07420318209694234,1024.0,1024.0
9,2,1.5,0.08904381851633081,1024.0,1024.0
9,2,2.0,0.11872509135510774,1024.0,1024.0
10,2,1.25,0.08739779944589829,1024.0,1024.0
10,2,1.5,0.10487735933507795,1024.0,1024.0
10,2,2.0,0.13983647911343727,1024.0,1024.0
11,2,1.25,0.0864019822352566,1024.0,1024.0
11,2,1.5,0.10368237868230792,1024.0,1024.0
11,2,2.0,0.13824317157641056,1024.0,1024.0
12,2,1.25,0.0774521802882664,1024.0,1024.0
12,2,1.5,0.09294261634591969,1024.0,1024.0
12,2,2.0,0.12392348846122625,1024.0,1024.0
13,2,1.25,0.07890647050004916,1024.0,1024.0
13,2,1.5,0.09468776460005898,1024.0,1024.0
13,2,2.0,0.12625035280007865,1024.0,1024.0
14,2,1.25,0.09044011440151371,1024.0,1024.0
14,2,1.5,0.10852813728181646,1024.0,1024.0
14,2,2.0,0.14470418304242194,1024.0,1024.0
15,2,1.25,0.07626815669471398,1024.0,1024.0
15,2,1.5,0.09152178803365679,1024.0,1024.0
15,2,2.0,0.12202905071154238,1024.0,1024.0
16,2,1.25,0.07782804136455525,1024.0,1024.0
16,2,1.5,0.0933936496374663,1024.0,1024.0
16,2,2.0,0.1245248661832884,1024.0,1024.0
17,2,1.25,0.0773750100947218,1024.0,1024.0
17,2,1.5,0.09285001211366616,1024.0,1024.0
17,2,2.0,0.12380001615155488,1024.0,1024.0
18,2,1.25,0.07665230400429575,1024.0,1024.0
18,2,1.5,0.0919827648051549,1024.0,1024.0
18,2,2.0,0.12264368640687319,1024.0,1024.0
19,2,1.25,0.07341171196731741,1024.0,1024.0
19,2,1.5,0.08809405436078088,1024.0,1024.0
19,2,2.0,0.11745873914770785,1024.0,1024.0
20,2,1.25,0.077285559562617,1024.0,1024.0
20,2,1.5,0.0927426714751404,1024.0,1024.0
20,2,2.0,0.1236568953001872,1024.0,1024.0
21,2,1.25,0.07582949789054694,1024.0,1024.0
21,2,1.5,0.09099539746865631,1024.0,1024.0
21,2,2.0,0.1213271966248751,1024.0,1024.0
22,2,1.25,0.0812888063439168,1024.0,1024.0
22,2,1.5,0.09754656761270016,1024.0,1024.0
22,2,2.0,0.13006209015026687,1024.0,1024.0
23,2,1.25,0.0799204039566685,1024.0,1024.0
23,2,1.5,0.09590448474800219,1024.0,1024.0
23,2,2.0,0.12787264633066958,1024.0,1024.0
24,2,1.25,0.0724664221253479,1024.0,1024.0
24,2,1.5,0.08695970655041747,1024.0,1024.0
24,2,2.0,0.11594627540055663,1024.0,1024.0
25,2,1.25,0.06932603713311254,1024.0,1024.0
25,2,1.5,0.08319124455973506,1024.0,1024.0
25,2,2.0,0.11092165941298007,1024.0,1024.0
26,2,1.25,0.08414202132774516,1024.0,1024.0
26,2,1.5,0.1009704255932942,1024.0,1024.0
26,2,2.0,0.13462723412439226,1024.0,1024.0
27,2,1.25,0.07218852030090056,1024.0,1024.0
27,2,1.5,0.08662622436108068,1024.0,1024.0
27,2,2.0,0.11550163248144091,1024.0,1024.0
28,2,1.25,0.06685607311839706,1024.0,1024.0
28,2,1.5,0.08022728774207646,1024.0,1024.0
28,2,2.0,0.10696971698943529,1024.0,1024.0
29,2,1.25,0.07337335019104649,4096.0,1024.0
29,2,1.5,0.08804802022925579,1024.0,1024.0
29,2,2.0,0.11739736030567438,1024.0,1024.0
30,2,1.25,0.06536680501990487,1024.0,1024.0
30,2,1.5,0.07844016602388584,1024.0,1024.0
30,2,2.0,0.10458688803184779,1024.0,1024.0
31,2,1.25,0.0797959903854644,1024.0,1024.0
31,2,1.5,0.09575518846255726,1024.0,1024.0
31,2,2.0,0.12767358461674302,1024.0,1024.0
32,2,1.25,0.07558312904951164,1024.0,1024.0
32,2,1.5,0.09069975485941396,1024.0,1024.0
32,2,2.0,0.12093300647921862,1024.0,1024.0
33,2,1.25,0.0703712195623666,1024.0,1024.0
33,2,1.5,0.08444546347483992,1024.0,1024.0
33,2,2.0,0.11259395129978655,1024.0,1024.0
34,2,1.25,0.07097243231814356,1024.0,1024.0
34,2,1.5,0.08516691878177227,1024.0,1024.0
34,2,2.0,0.11355589170902969,1024.0,1024.0
35,2,1.25,0.08231843317113817,1024.0,1024.0
35,2,1.5,0.0987821198053658,1024.0,1024.0
35,2,2.0,0.13170949307382107,1024.0,1024.0
36,2,1.25,0.06560850840318018,1024.0,1024.0
36,2,1.5,0.07873021008381621,1024.0,1024.0
36,2,2.0,0.10497361344508828,1024.0,1024.0
37,2,1.25,0.061293781568645504,1024.0,1024.0
37,2,1.5,0.0735525378823746,1024.0,1024.0
37,2,2.0,0.0980700505098328,1024.0,1024.0
38,2,1.25,0.07903718211990783,1024.0,1024.0
38,2,1.5,0.0948446185438894,1024.0,1024.0
38,2,2.0,0.12645949139185253,1024.0,1024.0
39,2,1.25,0.05622463442583105,1024.0,4096.0
39,2,1.5,0.06746956131099727,1024.0,1024.0
39,2,2.0,0.08995941508132968,1024.0,1024.0
40,2,1.25,0.06548946604225782,1024.0,1024.0
40,2,1.5,0.0785873592507094,1024.0,1024.0
40,2,2.0,0.10478314566761252,1024.0,1024.0
41,2,1.25,0.060763506801100445,1024.0,1024.0
41,2,1.5,0.07291620816132052,1024.0,1024.0
41,2,2.0,0.0972216108817607,1024.0,1024.0
42,2,1.25,0.06531897866423245,4096.0,1024.0
42,2,1.5,0.07838277439707893,1024.0,1024.0
42,2,2.0,0.1045103658627719,1024.0,1024.0
43,2,1.25,0.07557778339437209,1024.0,1024.0
43,2,1.5,0.0906933400732465,1024.0,1024.0
43,2,2.0,0.12092445343099534,1024.0,1024.0
44,2,1.25,0.0784209842380369,1024.0,1024.0
44,2,1.5,0.09410518108564427,1024.0,1024.0
44,2,2.0,0.12547357478085902,1024.0,1024.0
45,2,1.25,0.07522701984120068,1024.0,1024.0
45,2,1.5,0.09027242380944081,1024.0,1024.0
45,2,2.0,0.12036323174592109,1024.0,1024.0
46,2,1.25,0.06996746530884411,1024.0,1024.0
46,2,1.5,0.08396095837061293,1024.0,1024.0
46,2,2.0,0.11194794449415058,1024.0,1024.0
47,2,1.25,0.07467550150025636,1024.0,1024.0
47,2,1.5,0.08961060180030764,1024.0,1024.0
47,2,2.0,0.11948080240041017,1024.0,1024.0
48,2,1.25,0.05503737263800579,4096.0,1024.0
48,2,1.5,0.06604484716560693,1024.0,1024.0
48,2,2.0,0.08805979622080926,1024.0,1024.0
49,2,1.25,0.05654654151829894,4096.0,1024.0
49,2,1.5,0.06785584982195872,4096.0,1024.0
49,2,2.0,0.0904744664292783,4096.0,1024.0
50,2,1.25,0.05635219117137603,4096.0,1024.0
50,2,1.5,0.06762262940565124,4096.0,1024.0
50,2,2.0,0.09016350587420165,1024.0,1024.0
51,2,1.25,0.031225454531726433,,1024.0
51,2,1.5,0.037470545438071726,16384.0,1024.0
51,2,2.0,0.049960727250762296,16384.0,1024.0
52,2,1.25,0.05273916656174698,4096.0,1024.0
52,2,1.5,0.06328699987409638,4096.0,1024.0
52,2,2.0,0.08438266649879517,4096.0,1024.0
53,2,1.25,0.054295916831819335,4096.0,1024.0
53,2,1.5,0.06515510019818321,4096.0,1024.0
53,2,2.0,0.08687346693091094,1024.0,1024.0
54,2,1.25,0.06905072922224645,4096.0,1024.0
54,2,1.5,0.08286087506669573,4096.0,1024.0
54,2,2.0,0.11048116675559431,1024.0,1024.0
55,2,1.25,0.05816412677359769,4096.0,1024.0
55,2,1.5,0.06979695212831723,4096.0,1024.0
55,2,2.0,0.0930626028377563,1024.0,1024.0
56,2,1.25,0.046800255311070946,16384.0,1024.0
56,2,1.5,0.05616030637328514,4096.0,1024.0
56,2,2.0,0.07488040849771352,4096.0,1024.0
57,2,1.25,0.06978105683333709,4096.0,1024.0
57,2,1.5,0.08373726820000452,1024.0,1024.0
57,2,2.0,0.11164969093333935,1024.0,1024.0
58,2,1.25,0.05505269699450582,16384.0,1024.0
58,2,1.5,0.066063236393407,4096.0,1024.0
58,2,2.0,0.08808431519120932,4096.0,1024.0
59,2,1.25,0.044751088715158406,65536.0,262144.0
59,2,1.5,0.05370130645819009,4096.0,1024.0
59,2,2.0,0.07160174194425345,4096.0,1024.0
60,2,1.25,0.05206267848424613,16384.0,
60,2,1.5,0.06247521418109536,4096.0,1024.0
60,2,2.0,0.08330028557479381,4096.0,1024.0
61,2,1.25,0.04001919871894643,16384.0,4096.0
61,2,1.5,0.048023038462735715,16384.0,1024.0
61,2,2.0,0.06403071795031429,4096.0,1024.0
62,2,1.25,0.05510161319398323,4096.0,1024.0
62,2,1.5,0.06612193583277988,1024.0,1024.0
62,2,2.0,0.08816258111037317,1024.0,1024.0
63,2,1.25,0.04372821722610387,16384.0,262144.0
63,2,1.5,0.052473860671324646,4096.0,1024.0
63,2,2.0,0.0699651475617662,4096.0,1024.0
64,2,1.25,0.04523478750104551,16384.0,16384.0
64,2,1.5,0.05428174500125461,16384.0,4096.0
64,2,2.0,0.07237566000167281,4096.0,1024.0
65,2,1.25,0.054626476638368324,16384.0,1024.0
65,2,1.5,0.06555177196604198,16384.0,1024.0
65,2,2.0,0.08740236262138931,4096.0,1024.0
66,2,1.25,0.059136279627331534,16384.0,1024.0
66,2,1.5,0.07096353555279783,16384.0,1024.0
66,2,2.0,0.09461804740373045,4096.0,1024.0
67,2,1.25,0.049063236087909884,4096.0,1024.0
67,2,1.5,0.058875883305491865,4096.0,1024.0
67,2,2.0,0.07850117774065582,4096.0,1024.0
68,2,1.25,0.0524013636733871,16384.0,1024.0
68,2,1.5,0.06288163640806452,16384.0,1024.0
68,2,2.0,0.08384218187741936,4096.0,1024.0
69,2,1.25,0.053726035400992245,16384.0,1024.0
69,2,1.5,0.06447124248119068,4096.0,1024.0
69,2,2.0,0.08596165664158759,4096.0,1024.0
70,2,1.25,0.06833167518593837,4096.0,1024.0
70,2,1.5,0.08199801022312606,1024.0,1024.0
70,2,2.0,0.1093306802975014,1024.0,1024.0
71,2,1.25,0.05385378813976423,16384.0,1024.0
71,2,1.5,0.06462454576771706,4096.0,1024.0
71,2,2.0,0.08616606102362276,4096.0,1024.0
72,2,1.25,0.04556561707449145,16384.0,
72,2,1.5,0.05467874048938974,16384.0,1024.0
72,2,2.0,0.07290498731918632,4096.0,1024.0
73,2,1.25,0.0450085801781388,16384.0,
73,2,1.5,0.054010296213766566,16384.0,4096.0
73,2,2.0,0.07201372828502209,4096.0,1024.0
74,2,1.25,0.04908756693440956,4096.0,1024.0
74,2,1.5,0.05890508032129147,4096.0,1024.0
74,2,2.0,0.0785401070950553,4096.0,1024.0
75,2,1.25,0.045107204203493886,16384.0,4096.0
75,2,1.5,0.05412864504419266,4096.0,1024.0
75,2,2.0,0.07217152672559021,4096.0,1024.0
76,2,1.25,0.06389528455049732,16384.0,1024.0
76,2,1.5,0.07667434146059679,4096.0,1024.0
76,2,2.0,0.10223245528079572,4096.0,1024.0
77,2,1.25,0.04617548613331745,4096.0,1024.0
77,2,1.5,0.05541058335998093,4096.0,1024.0
77,2,2.0,0.07388077781330792,4096.0,1024.0
78,2,1.25,0.035448650069651186,,16384.0
78,2,1.5,0.04253838008358143,65536.0,4096.0
78,2,2.0,0.0567178401114419,16384.0,1024.0
79,2,1.25,0.05230059564905242,16384.0,1024.0
79,2,1.5,0.0627607147788629,16384.0,1024.0
79,2,2.0,0.08368095303848387,4096.0,1024.0
80,2,1.25,0.039053185665747156,65536.0,65536.0
80,2,1.5,0.04686382279889659,65536.0,1024.0
80,2,2.0,0.06248509706519545,16384.0,1024.0
81,2,1.25,0.04016660789516753,262144.0,
81,2,1.5,0.04819992947420104,16384.0,1024.0
81,2,2.0,0.06426657263226805,16384.0,1024.0
82,2,1.25,0.03870731782575603,262144.0,262144.0
82,2,1.5,0.04644878139090723,65536.0,1024.0
82,2,2.0,0.06193170852120965,16384.0,1024.0
83,2,1.25,0.06277837887150237,16384.0,1024.0
83,2,1.5,0.07533405464580284,16384.0,1024.0
83,2,2.0,0.10044540619440379,16384.0,1024.0
84,2,1.25,0.04255122480005957,262144.0,4096.0
84,2,1.5,0.05106146976007148,65536.0,1024.0
84,2,2.0,0.06808195968009531,16384.0,1024.0
85,2,1.25,0.050676573009230196,16384.0,1024.0
85,2,1.5,0.06081188761107624,16384.0,1024.0
85,2,2.0,0.08108251681476832,4096.0,1024.0
86,2,1.25,0.04619767365255392,,1024.0
86,2,1.5,0.05543720838306471,65536.0,1024.0
86,2,2.0,0.07391627784408628,16384.0,1024.0
87,2,1.25,0.049003585044527426,65536.0,1024.0
87,2,1.5,0.05880430205343291,16384.0,1024.0
87,2,2.0,0.07840573607124388,16384.0,1024.0
88,2,1.25,0.048067816783906904,16384.0,1024.0
88,2,1.5,0.057681380140688285,16384.0,1024.0
88,2,2.0,0.07690850685425105,16384.0,1024.0
89,2,1.25,0.04179589937010315,65536.0,4096.0
89,2,1.5,0.05015507924412378,65536.0,1024.0
89,2,2.0,0.06687343899216504,16384.0,1024.0
90,2,1.25,0.02457280804822222,65536.0,4096.0
90,2,1.5,0.029487369657866663,65536.0,1024.0
90,2,2.0,0.03931649287715555,16384.0,1024.0
91,2,1.25,0.04772548979765269,65536.0,1024.0
91,2,1.5,0.057270587757183224,16384.0,1024.0
91,2,2.0,0.0763607836762443,16384.0,1024.0
92,2,1.25,0.04590210239938462,65536.0,1024.0
92,2,1.5,0.05508252287926155,16384.0,1024.0
92,2,2.0,0.0734433638390154,16384.0,1024.0
93,2,1.25,0.051726592633058316,262144.0,4096.0
93,2,1.5,0.06207191115966998,16384.0,1024.0
93,2,2.0,0.0827625482128933,16384.0,1024.0
94,2,1.25,0.041272099727531895,262144.0,4096.0
94,2,1.5,0.04952651967303827,65536.0,1024.0
94,2,2.0,0.06603535956405103,16384.0,1024.0
95,2,1.25,0.06280880248825997,16384.0,1024.0
95,2,1.5,0.07537056298591197,16384.0,1024.0
95,2,2.0,0.10049408398121595,4096.0,1024.0
96,2,1.25,0.07710036709462294,1024.0,1024.0
96,2,1.5,0.09252044051354752,1024.0,1024.0
96,2,2.0,0.1233605873513967,1024.0,1024.0
97,2,1.25,0.07492803964333146,1024.0,1024.0
97,2,1.5,0.08991364757199774,1024.0,1024.0
97,2,2.0,0.11988486342933033,1024.0,1024.0
98,2,1.25,0.08830271231976808,1024.0,1024.0
98,2,1.5,0.1059632547837217,1024.0,1024.0
98,2,2.0,0.14128433971162893,1024.0,1024.0
99,2,1.25,0.08704076074576003,1024.0,1024.0
99,2,1.5,0.10444891289491204,1024.0,1024.0
99,2,2.0,0.13926521719321605,1024.0,1024.0
100,2,1.25,0.07926594673260112,1024.0,1024.0
100,2,1.5,0.09511913607912136,1024.0,1024.0
100,2,2.0,0.1268255147721618,1024.0,1024.0
101,2,1.25,0.08552285243384541,1024.0,1024.0
101,2,1.5,0.1026274229206145,1024.0,1024.0
101,2,2.0,0.13683656389415266,1024.0,1024.0
102,2,1.25,0.07932561407191681,1024.0,1024.0
102,2,1.5,0.09519073688630017,1024.0,1024.0
102,2,2.0,0.1269209825150669,1024.0,1024.0
103,2,1.25,0.08408865506318398,1024.0,1024.0
103,2,1.5,0.10090638607582078,1024.0,1024.0
103,2,2.0,0.13454184810109437,1024.0,1024.0
104,2,1.25,0.08562257715815218,1024.0,1024.0
104,2,1.5,0.10274709258978262,1024.0,1024.0
104,2,2.0,0.1369961234530435,1024.0,1024.0
105,2,1.25,0.07859093259251679,1024.0,1024.0
105,2,1.5,0.09430911911102013,1024.0,1024.0
105,2,2.0,0.12574549214802686,1024.0,1024.0
106,2,1.25,0.0783468984772917,1024.0,1024.0
106,2,1.5,0.09401627817275005,1024.0,1024.0
106,2,2.0,0.12535503756366673,1024.0,1024.0
107,2,1.25,0.09024328500847331,1024.0,1024.0
107,2,1.5,0.10829194201016797,1024.0,1024.0
107,2,2.0,0.1443892560135573,1024.0,1024.0
108,2,1.25,0.08505131447501482,1024.0,1024.0
108,2,1.5,0.1020615773700178,1024.0,1024.0
108,2,2.0,0.13608210316002373,1024.0,1024.0
109,2,1.25,0.08375418800255285,1024.0,1024.0
109,2,1.5,0.10050502560306342,1024.0,1024.0
109,2,2.0,0.13400670080408456,1024.0,1024.0
110,2,1.25,0.0816844497951679,1024.0,1024.0
110,2,1.5,0.09802133975420146,1024.0,1024.0
110,2,2.0,0.13069511967226863,1024.0,1024.0
111,2,1.25,0.08430893284908961,1024.0,1024.0
111,2,1.5,0.10117071941890754,1024.0,1024.0
111,2,2.0,0.13489429255854338,1024.0,1024.0
112,2,1.25,0.07327830920601264,1024.0,1024.0
112,2,1.5,0.08793397104721518,1024.0,1024.0
112,2,2.0,0.11724529472962023,1024.0,1024.0
113,2,1.25,0.07874949525902047,1024.0,1024.0
113,2,1.5,0.09449939431082456,1024.0,1024.0
113,2,2.0,0.12599919241443275,1024.0,1024.0
114,2,1.25,0.07589275971730242,1024.0,1024.0
114,2,1.5,0.09107131166076289,1024.0,1024.0
114,2,2.0,0.12142841554768385,1024.0,1024.0
115,2,1.25,0.08088354791759046,1024.0,1024.0
115,2,1.5,0.09706025750110855,1024.0,1024.0
115,2,2.0,0.12941367666814474,1024.0,1024.0
116,2,1.25,0.08143989590392448,1024.0,1024.0
116,2,1.5,0.09772787508470937,1024.0,1024.0
116,2,2.0,0.13030383344627916,1024.0,1024.0
117,2,1.25,0.07719569573737683,1024.0,1024.0
117,2,1.5,0.09263483488485219,1024.0,1024.0
117,2,2.0,0.12351311317980293,1024.0,1024.0
118,2,1.25,0.06925409383117223,1024.0,1024.0
118,2,1.5,0.08310491259740667,1024.0,1024.0
118,2,2.0,0.11080655012987556,1024.0,1024.0
119,2,1.25,0.06764577665529214,1024.0,1024.0
119,2,1.5,0.08117493198635056,1024.0,1024.0
119,2,2.0,0.10823324264846743,1024.0,1024.0
120,2,1.25,0.07883386580285148,1024.0,1024.0
120,2,1.5,0.09460063896342179,1024.0,1024.0
120,2,2.0,0.12613418528456238,1024.0,1024.0
121,2,1.25,0.08585822536842898,1024.0,1024.0
121,2,1.5,0.10302987044211478,1024.0,1024.0
121,2,2.0,0.13737316058948637,1024.0,1024.0
122,2,1.25,0.07849648280243857,1024.0,1024.0
122,2,1.5,0.09419577936292628,1024.0,1024.0
122,2,2.0,0.1255943724839017,1024.0,1024.0
123,2,1.25,0.07148149851453489,1024.0,1024.0
123,2,1.5,0.08577779821744187,1024.0,1024.0
123,2,2.0,0.11437039762325583,1024.0,1024.0
124,2,1.25,0.06269542688317599,1024.0,1024.0
124,2,1.5,0.07523451225981118,1024.0,1024.0
124,2,2.0,0.10031268301308158,1024.0,1024.0
125,2,1.25,0.07876902850111947,1024.0,1024.0
125,2,1.5,0.09452283420134337,1024.0,1024.0
125,2,2.0,0.12603044560179116,1024.0,1024.0
126,2,1.25,0.06820478599856143,1024.0,1024.0
126,2,1.5,0.08184574319827373,1024.0,1024.0
126,2,2.0,0.1091276575976983,1024.0,1024.0
127,2,1.25,0.07351805499009788,4096.0,1024.0
127,2,1.5,0.08822166598811745,1024.0,1024.0
127,2,2.0,0.1176288879841566,1024.0,1024.0
128,2,1.25,0.08238602149451615,1024.0,1024.0
128,2,1.5,0.09886322579341938,1024.0,1024.0
128,2,2.0,0.13181763439122585,1024.0,1024.0
129,2,1.25,0.06920053473813462,4096.0,1024.0
129,2,1.5,0.08304064168576153,1024.0,1024.0
129,2,2.0,0.11072085558101538,1024.0,1024.0
130,2,1.25,0.061666614119196286,4096.0,1024.0
130,2,1.5,0.07399993694303555,1024.0,1024.0
130,2,2.0,0.09866658259071406,1024.0,1024.0
131,2,1.25,0.0790745252360357,1024.0,1024.0
131,2,1.5,0.09488943028324283,1024.0,1024.0
131,2,2.0,0.1265192403776571,1024.0,1024.0
132,2,1.25,0.07782582675409504,1024.0,1024.0
132,2,1.5,0.09339099210491406,1024.0,1024.0
132,2,2.0,0.12452132280655206,1024.0,1024.0
133,2,1.25,0.06408931092265993,1024.0,1024.0
133,2,1.5,0.07690717310719192,1024.0,1024.0
133,2,2.0,0.10254289747625589,1024.0,1024.0
134,2,1.25,0.06111012146342548,1024.0,1024.0
134,2,1.5,0.07333214575611058,1024.0,1024.0
134,2,2.0,0.09777619434148077,1024.0,1024.0
135,2,1.25,0.07467347156966571,1024.0,1024.0
135,2,1.5,0.08960816588359885,1024.0,1024.0
135,2,2.0,0.11947755451146513,1024.0,1024.0
136,2,1.25,0.06459891068015713,1024.0,1024.0
136,2,1.5,0.07751869281618856,1024.0,1024.0
136,2,2.0,0.10335825708825142,1024.0,1024.0
137,2,1.25,0.07679710737848655,1024.0,1024.0
137,2,1.5,0.09215652885418385,1024.0,1024.0
137,2,2.0,0.12287537180557848,1024.0,1024.0
138,2,1.25,0.05596522755210753,4096.0,1024.0
138,2,1.5,0.06715827306252903,4096.0,1024.0
138,2,2.0,0.08954436408337205,1024.0,1024.0
139,2,1.25,0.07638335086905862,1024.0,1024.0
139,2,1.5,0.09166002104287035,1024.0,1024.0
139,2,2.0,0.1222133613904938,1024.0,1024.0
140,2,1.25,0.06109684979310262,4096.0,1024.0
140,2,1.5,0.07331621975172314,1024.0,1024.0
140,2,2.0,0.09775495966896419,1024.0,1024.0
141,2,1.25,0.07461764417681842,4096.0,1024.0
141,2,1.5,0.0895411730121821,1024.0,1024.0
141,2,2.0,0.11938823068290948,1024.0,1024.0
142,2,1.25,0.07125658862665293,1024.0,1024.0
142,2,1.5,0.08550790635198352,1024.0,1024.0
142,2,2.0,0.1140105418026447,1024.0,1024.0
143,2,1.25,0.051079354322981115,4096.0,1024.0
143,2,1.5,0.06129522518757734,1024.0,1024.0
143,2,2.0,0.08172696691676978,1024.0,1024.0
144,2,1.25,0.047428054720279764,16384.0,4096.0
144,2,1.5,0.05691366566433572,16384.0,1024.0
144,2,2.0,0.07588488755244763,4096.0,1024.0
145,2,1.25,0.06681035110843368,16384.0,1024.0
145,2,1.5,0.08017242133012042,4096.0,1024.0
145,2,2.0,0.1068965617734939,4096.0,1024.0
146,2,1.25,0.08064720970718191,4096.0,1024.0
146,2,1.5,0.09677665164861829,1024.0,1024.0
146,2,2.0,0.12903553553149105,1024.0,1024.0
147,2,1.25,0.05127689292421564,4096.0,1024.0
147,2,1.5,0.06153227150905877,4096.0,1024.0
147,2,2.0,0.08204302867874502,1024.0,1024.0
148,2,1.25,0.06738225297408643,16384.0,1024.0
148,2,1.5,0.0808587035689037,4096.0,1024.0
148,2,2.0,0.10781160475853828,4096.0,1024.0
149,2,1.25,0.03989115540031344,16384.0,4096.0
149,2,1.5,0.04786938648037613,16384.0,1024.0
149,2,2.0,0.0638258486405015,16384.0,1024.0
150,2,1.25,0.04133724764664657,16384.0,1024.0
150,2,1.5,0.04960469717597589,16384.0,1024.0
150,2,2.0,0.06613959623463452,4096.0,1024.0
151,2,1.25,0.05250332398130556,16384.0,1024.0
151,2,1.5,0.06300398877756667,4096.0,1024.0
151,2,2.0,0.0840053183700889,4096.0,1024.0
152,2,1.25,0.04699171063606629,16384.0,1024.0
152,2,1.5,0.05639005276327955,4096.0,1024.0
152,2,2.0,0.07518673701770606,4096.0,1024.0
153,2,1.25,0.041451418294338516,262144.0,1024.0
153,2,1.5,0.049741701953206215,4096.0,1024.0
153,2,2.0,0.06632226927094162,4096.0,1024.0
154,2,1.25,0.04549158735887614,16384.0,1024.0
154,2,1.5,0.05458990483065137,16384.0,1024.0
154,2,2.0,0.07278653977420182,4096.0,1024.0
155,2,1.25,0.07106372917979027,16384.0,1024.0
155,2,1.5,0.08527647501574832,4096.0,1024.0
155,2,2.0,0.11370196668766443,4096.0,1024.0
156,2,1.25,0.05350594000006094,4096.0,1024.0
156,2,1.5,0.06420712800007314,4096.0,1024.0
156,2,2.0,0.08560950400009751,1024.0,1024.0
157,2,1.25,0.06222997251339257,4096.0,1024.0
157,2,1.5,0.0746759670160711,4096.0,1024.0
157,2,2.0,0.09956795602142812,4096.0,1024.0
158,2,1.25,0.0653743556358386,4096.0,1024.0
158,2,1.5,0.07844922676300631,4096.0,1024.0
158,2,2.0,0.10459896901734175,4096.0,1024.0
159,2,1.25,0.0601486358019756,16384.0,1024.0
159,2,1.5,0.07217836296237073,16384.0,1024.0
159,2,2.0,0.09623781728316097,4096.0,1024.0
160,2,1.25,0.06582387300580739,4096.0,1024.0
160,2,1.5,0.07898864760696887,1024.0,1024.0
160,2,2.0,0.10531819680929183,1024.0,1024.0
161,2,1.25,0.05239190976775717,16384.0,1024.0
161,2,1.5,0.0628702917213086,16384.0,1024.0
161,2,2.0,0.08382705562841147,4096.0,1024.0
162,2,1.25,0.04883173574320974,16384.0,1024.0
162,2,1.5,0.058598082891851686,16384.0,1024.0
162,2,2.0,0.07813077718913558,16384.0,1024.0
163,2,1.25,0.057359289239859224,1024.0,1024.0
163,2,1.5,0.06883114708783106,1024.0,1024.0
163,2,2.0,0.09177486278377475,1024.0,1024.0
164,2,1.25,0.04110207505489234,16384.0,16384.0
164,2,1.5,0.049322490065870805,16384.0,1024.0
164,2,2.0,0.06576332008782775,16384.0,1024.0
165,2,1.25,0.042272071518469616,16384.0,1024.0
165,2,1.5,0.05072648582216353,16384.0,1024.0
165,2,2.0,0.06763531442955138,4096.0,1024.0
166,2,1.25,0.060583227845840144,16384.0,4096.0
166,2,1.5,0.07269987341500818,4096.0,1024.0
166,2,2.0,0.09693316455334423,4096.0,1024.0
167,2,1.25,0.07320368079980834,4096.0,1024.0
167,2,1.5,0.08784441695977,1024.0,1024.0
167,2,2.0,0.11712588927969333,1024.0,1024.0
168,2,1.25,0.07657354451087306,4096.0,1024.0
168,2,1.5,0.09188825341304767,1024.0,1024.0
168,2,2.0,0.12251767121739689,1024.0,1024.0
169,2,1.25,0.07307572654215622,4096.0,1024.0
169,2,1.5,0.08769087185058745,4096.0,1024.0
169,2,2.0,0.11692116246744994,4096.0,1024.0
170,2,1.25,0.053226083078188824,4096.0,1024.0
170,2,1.5,0.0638712996938266,4096.0,1024.0
170,2,2.0,0.08516173292510212,4096.0,1024.0
171,2,1.25,0.05947823146544398,4096.0,1024.0
171,2,1.5,0.07137387775853277,4096.0,1024.0
171,2,2.0,0.09516517034471036,1024.0,1024.0
172,2,1.25,0.053086416773498055,16384.0,1024.0
172,2,1.5,0.06370370012819768,4096.0,1024.0
172,2,2.0,0.08493826683759689,4096.0,1024.0
173,2,1.25,0.058925598604488205,4096.0,1024.0
173,2,1.5,0.07071071832538584,4096.0,1024.0
173,2,2.0,0.09428095776718112,4096.0,1024.0
174,2,1.25,0.053044761548982945,16384.0,1024.0
174,2,1.5,0.06365371385877953,16384.0,1024.0
174,2,2.0,0.08487161847837271,4096.0,1024.0
175,2,1.25,0.038569821558077824,16384.0,65536.0
175,2,1.5,0.046283785869693395,16384.0,1024.0
175,2,2.0,0.06171171449292452,4096.0,1024.0
176,2,1.25,0.06396281660441307,65536.0,1024.0
176,2,1.5,0.07675537992529569,16384.0,1024.0
176,2,2.0,0.10234050656706091,16384.0,1024.0
177,2,1.25,0.058135039407061426,65536.0,1024.0
177,2,1.5,0.06976204728847371,65536.0,1024.0
177,2,2.0,0.09301606305129828,16384.0,1024.0
178,2,1.25,0.07038516541838181,16384.0,1024.0
178,2,1.5,0.08446219850205819,16384.0,1024.0
178,2,2.0,0.11261626466941091,16384.0,1024.0
179,2,1.25,0.061873260449850954,16384.0,1024.0
179,2,1.5,0.07424791253982115,16384.0,1024.0
179,2,2.0,0.09899721671976153,16384.0,1024.0
180,2,1.25,0.046881674558157116,65536.0,1024.0
180,2,1.5,0.05625800946978854,16384.0,1024.0
180,2,2.0,0.07501067929305139,16384.0,1024.0
181,2,1.25,0.08177815364499114,16384.0,1024.0
181,2,1.5,0.09813378437398936,4096.0,1024.0
181,2,2.0,0.1308450458319858,4096.0,1024.0
182,2,1.25,0.05417136357491835,65536.0,4096.0
182,2,1.5,0.06500563628990202,16384.0,1024.0
182,2,2.0,0.08667418171986936,16384.0,1024.0
183,2,1.25,0.037508763148100116,262144.0,1024.0
183,2,1.5,0.04501051577772014,262144.0,1024.0
183,2,2.0,0.060014021036960186,65536.0,1024.0
184,2,1.25,0.049874561623903,65536.0,1024.0
184,2,1.5,0.059849473948683604,16384.0,1024.0
184,2,2.0,0.0797992985982448,16384.0,1024.0
185,2,1.25,0.05900942030327861,65536.0,1024.0
185,2,1.5,0.07081130436393433,16384.0,1024.0
185,2,2.0,0.09441507248524578,16384.0,1024.0
186,2,1.25,0.06299888974742499,65536.0,1024.0
186,2,1.5,0.07559866769690998,16384.0,1024.0
186,2,2.0,0.10079822359587998,16384.0,1024.0
187,2,1.25,0.061727733365260065,65536.0,1024.0
187,2,1.5,0.07407328003831207,16384.0,1024.0
187,2,2.0,0.0987643733844161,16384.0,1024.0
188,2,1.25,0.07555491900898051,16384.0,1024.0
188,2,1.5,0.09066590281077662,16384.0,1024.0
188,2,2.0,0.12088787041436883,16384.0,1024.0
189,2,1.25,0.04106720331916586,65536.0,1024.0
189,2,1.5,0.04928064398299903,65536.0,1024.0
189,2,2.0,0.06570752531066537,65536.0,1024.0
190,2,1.25,0.06593415899178945,65536.0,1024.0
190,2,1.5,0.07912099079014734,16384.0,1024.0
190,2,2.0,0.10549465438686312,16384.0,1024.0
191,2,1.25,0.041616785827791325,16384.0,4096.0
191,2,1.5,0.04994014299334959,16384.0,1024.0
191,2,2.0,0.06658685732446612,16384.0,1024.0
192,3,1.25,0.09595246886174819,1024.0,1024.0
192,3,1.5,0.11514296263409783,1024.0,1024.0
192,3,2.0,0.1535239501787971,1024.0,1024.0
193,3,1.25,0.09908774645874893,1024.0,1024.0
193,3,1.5,0.11890529575049873,1024.0,1024.0
193,3,2.0,0.1585403943339983,1024.0,1024.0
194,3,1.25,0.09982990578530977,1024.0,1024.0
194,3,1.5,0.11979588694237173,1024.0,1024.0
194,3,2.0,0.15972784925649564,1024.0,1024.0
195,3,1.25,0.0984690461421851,1024.0,1024.0
195,3,1.5,0.11816285537062211,1024.0,1024.0
195,3,2.0,0.15755047382749615,1024.0,1024.0
196,3,1.25,0.09142785931642479,1024.0,1024.0
196,3,1.5,0.10971343117970975,1024.0,1024.0
196,3,2.0,0.14628457490627966,1024.0,1024.0
197,3,1.25,0.10438205834710973,1024.0,1024.0
197,3,1.5,0.12525847001653168,1024.0,1024.0
197,3,2.0,0.16701129335537557,1024.0,1024.0
198,3,1.25,0.1048781620285784,1024.0,1024.0
198,3,1.5,0.1258537944342941,1024.0,1024.0
198,3,2.0,0.16780505924572545,1024.0,1024.0
199,3,1.25,0.10142288858133058,1024.0,1024.0
199,3,1.5,0.12170746629759671,1024.0,1024.0
199,3,2.0,0.16227662173012894,1024.0,1024.0
200,3,1.25,0.09139265378409378,1024.0,1024.0
200,3,1.5,0.10967118454091253,1024.0,1024.0
200,3,2.0,0.14622824605455004,1024.0,1024.0
201,3,1.25,0.0980425227074884,1024.0,1024.0
201,3,1.5,0.11765102724898607,1024.0,1024.0
201,3,2.0,0.15686803633198143,1024.0,1024.0
202,3,1.25,0.07809232677891852,1024.0,1024.0
202,3,1.5,0.09371079213470221,1024.0,1024.0
202,3,2.0,0.12494772284626962,1024.0,1024.0
203,3,1.25,0.0868737310123009,1024.0,1024.0
203,3,1.5,0.10424847721476108,1024.0,1024.0
203,3,2.0,0.13899796961968144,1024.0,1024.0
204,3,1.25,0.08659778964108168,1024.0,1024.0
204,3,1.5,0.10391734756929802,1024.0,1024.0
204,3,2.0,0.1385564634257307,1024.0,1024.0
205,3,1.25,0.09722734718746506,1024.0,1024.0
205,3,1.5,0.11667281662495808,1024.0,1024.0
205,3,2.0,0.1555637554999441,1024.0,1024.0
206,3,1.25,0.09645589842600746,1024.0,1024.0
206,3,1.5,0.11574707811120895,1024.0,1024.0
206,3,2.0,0.15432943748161193,1024.0,1024.0
207,3,1.25,0.09968971924778694,1024.0,1024.0
207,3,1.5,0.11962766309734434,1024.0,1024.0
207,3,2.0,0.15950355079645911,1024.0,1024.0
208,3,1.25,0.09556696800934156,1024.0,1024.0
208,3,1.5,0.11468036161120987,1024.0,1024.0
208,3,2.0,0.1529071488149465,1024.0,1024.0
209,3,1.25,0.07371501259792906,4096.0,1024.0
209,3,1.5,0.08845801511751489,1024.0,1024.0
209,3,2.0,0.11794402015668651,1024.0,1024.0
210,3,1.25,0.08075120120161837,4096.0,1024.0
210,3,1.5,0.09690144144194204,1024.0,1024.0
210,3,2.0,0.1292019219225894,1024.0,1024.0
211,3,1.25,0.10146248393513572,1024.0,1024.0
211,3,1.5,0.12175498072216287,1024.0,1024.0
211,3,2.0,0.16233997429621716,1024.0,1024.0
212,3,1.25,0.09631893418923332,1024.0,1024.0
212,3,1.5,0.11558272102707999,1024.0,1024.0
212,3,2.0,0.15411029470277332,1024.0,1024.0
213,3,1.25,0.09293402264973459,1024.0,1024.0
213,3,1.5,0.11152082717968151,1024.0,1024.0
213,3,2.0,0.14869443623957534,1024.0,1024.0
214,3,1.25,0.09190899896350069,1024.0,1024.0
214,3,1.5,0.11029079875620083,1024.0,1024.0
214,3,2.0,0.1470543983416011,1024.0,1024.0
215,3,1.25,0.09877142084056201,1024.0,1024.0
215,3,1.5,0.11852570500867442,1024.0,1024.0
215,3,2.0,0.15803427334489922,1024.0,1024.0
216,3,1.25,0.0799685971536674,16384.0,1024.0
216,3,1.5,0.09596231658440088,4096.0,1024.0
216,3,2.0,0.12794975544586784,4096.0,1024.0
217,3,1.25,0.05874566963346055,16384.0,4096.0
217,3,1.5,0.07049480356015267,16384.0,1024.0
217,3,2.0,0.09399307141353688,4096.0,1024.0
218,3,1.25,0.07862723097352621,65536.0,1024.0
218,3,1.5,0.09435267716823145,16384.0,1024.0
218,3,2.0,0.12580356955764194,16384.0,1024.0
219,3,1.25,0.06446716979425401,16384.0,1024.0
219,3,1.5,0.07736060375310483,4096.0,1024.0
219,3,2.0,0.10314747167080643,4096.0,1024.0
220,3,1.25,0.07144209243504641,16384.0,1024.0
220,3,1.5,0.08573051092205569,4096.0,1024.0
220,3,2.0,0.11430734789607426,4096.0,1024.0
221,3,1.25,0.07278321253454001,16384.0,1024.0
221,3,1.5,0.087339855041448,16384.0,1024.0
221,3,2.0,0.11645314005526401,4096.0,1024.0
222,3,1.25,0.07107923166275334,65536.0,1024.0
222,3,1.5,0.085295077995304,16384.0,1024.0
222,3,2.0,0.11372677066040535,4096.0,1024.0
223,3,1.25,0.06165384607141218,16384.0,1024.0
223,3,1.5,0.07398461528569461,16384.0,1024.0
223,3,2.0,0.09864615371425949,4096.0,1024.0
224,3,1.25,0.06949026826862245,65536.0,4096.0
224,3,1.5,0.08338832192234695,65536.0,1024.0
224,3,2.0,0.11118442922979593,16384.0,1024.0
225,3,1.25,0.06930424976573946,16384.0,1024.0
225,3,1.5,0.08316509971888736,16384.0,1024.0
225,3,2.0,0.11088679962518314,4096.0,1024.0
226,3,1.25,0.07873580531713864,16384.0,1024.0
226,3,1.5,0.09448296638056636,4096.0,1024.0
226,3,2.0,0.12597728850742182,4096.0,1024.0
227,3,1.25,0.085127944574769,4096.0,1024.0
227,3,1.5,0.10215353348972278,4096.0,1024.0
227,3,2.0,0.13620471131963038,1024.0,1024.0
228,3,1.25,0.060928819985439364,16384.0,4096.0
228,3,1.5,0.07311458398252724,16384.0,1024.0
228,3,2.0,0.09748611197670298,4096.0,1024.0
229,3,1.25,0.07509010719756287,16384.0,1024.0
229,3,1.5,0.09010812863707546,16384.0,1024.0
229,3,2.0,0.1201441715161006,4096.0,1024.0
230,3,1.25,0.07274385666886032,1024.0,1024.0
230,3,1.5,0.08729262800263238,1024.0,1024.0
230,3,2.0,0.11639017067017651,1024.0,1024.0
231,3,1.25,0.05386725012771784,16384.0,4096.0
231,3,1.5,0.0646407001532614,16384.0,1024.0
231,3,2.0,0.08618760020434854,4096.0,1024.0
232,3,1.25,0.04376929331407882,,4096.0
232,3,1.5,0.05252315197689458,262144.0,1024.0
232,3,2.0,0.07003086930252611,262144.0,1024.0
233,3,1.25,0.05898712922275687,65536.0,4096.0
233,3,1.5,0.07078455506730824,65536.0,1024.0
233,3,2.0,0.09437940675641099,16384.0,1024.0
234,3,1.25,0.04211223555674466,,4096.0
234,3,1.5,0.0505346826680936,262144.0,1024.0
234,3,2.0,0.06737957689079146,262144.0,1024.0
235,3,1.25,0.04654322017217055,262144.0,1024.0
235,3,1.5,0.05585186420660466,262144.0,1024.0
235,3,2.0,0.07446915227547288,65536.0,1024.0
236,3,1.25,0.05830998999834993,,1024.0
236,3,1.5,0.06997198799801992,262144.0,1024.0
236,3,2.0,0.09329598399735989,65536.0,1024.0
237,3,1.25,0.049634105265062914,,1024.0
237,3,1.5,0.0595609263180755,262144.0,1024.0
237,3,2.0,0.07941456842410066,262144.0,1024.0
238,3,1.25,0.056425245102805395,,16384.0
238,3,1.5,0.06771029412336647,262144.0,4096.0
238,3,2.0,0.09028039216448863,262144.0,1024.0
239,3,1.25,0.06317383783869446,262144.0,1024.0
239,3,1.5,0.07580860540643336,262144.0,1024.0
239,3,2.0,0.10107814054191114,65536.0,1024.0
