obs,k,method,n,repeat,ms
0,2,physical_rqmc,1024,1,0.937875
0,2,quotient_self_normalized,1024,2,0.914458
0,2,physical_rqmc,1024,2,0.833375
0,2,physical_rqmc,1024,0,0.854292
0,2,quotient_self_normalized,1024,4,0.905208
0,2,quotient_self_normalized,1024,1,0.898875
0,2,quotient_self_normalized,1024,3,0.8695
0,2,physical_rqmc,1024,4,0.844958
0,2,quotient_self_normalized,1024,0,0.875459
0,2,physical_rqmc,1024,3,0.813833
1,2,quotient_self_normalized,1024,3,0.887791
1,2,physical_rqmc,1024,3,0.839958
1,2,physical_rqmc,1024,2,0.845875
1,2,physical_rqmc,1024,1,0.868334
1,2,quotient_self_normalized,1024,0,0.904
1,2,quotient_self_normalized,1024,2,0.868334
1,2,physical_rqmc,1024,4,0.809125
1,2,quotient_self_normalized,1024,1,0.8605
1,2,physical_rqmc,1024,0,0.824584
1,2,quotient_self_normalized,1024,4,0.856958
2,2,quotient_self_normalized,1024,0,0.87275
2,2,quotient_self_normalized,1024,2,0.883542
2,2,quotient_self_normalized,1024,3,0.865458
2,2,physical_rqmc,1024,2,0.828
2,2,physical_rqmc,1024,1,0.841541
2,2,physical_rqmc,1024,3,0.819834
2,2,physical_rqmc,1024,4,0.820666
2,2,physical_rqmc,1024,0,0.811125
2,2,quotient_self_normalized,1024,4,0.877083
2,2,quotient_self_normalized,1024,1,0.885375
3,2,quotient_self_normalized,1024,4,0.863209
3,2,physical_rqmc,1024,4,0.894
3,2,physical_rqmc,1024,0,0.8595
3,2,physical_rqmc,1024,3,0.831125
3,2,quotient_self_normalized,1024,1,0.869583
3,2,quotient_self_normalized,1024,3,0.870625
3,2,physical_rqmc,1024,1,0.831292
3,2,quotient_self_normalized,1024,2,0.875042
3,2,physical_rqmc,1024,2,0.830708
3,2,quotient_self_normalized,1024,0,0.858208
4,2,physical_rqmc,1024,2,0.842541
4,2,quotient_self_normalized,1024,4,0.903333
4,2,quotient_self_normalized,1024,3,0.867791
4,2,quotient_self_normalized,1024,0,0.86025
4,2,physical_rqmc,1024,0,0.830708
4,2,quotient_self_normalized,1024,1,0.866625
4,2,physical_rqmc,1024,4,0.82325
4,2,quotient_self_normalized,1024,2,0.873708
4,2,physical_rqmc,1024,1,0.865125
4,2,physical_rqmc,1024,3,0.834791
5,2,physical_rqmc,1024,1,0.827333
5,2,physical_rqmc,1024,0,0.828334
5,2,physical_rqmc,1024,4,0.821208
5,2,quotient_self_normalized,1024,2,0.860875
5,2,quotient_self_normalized,1024,3,0.863542
5,2,physical_rqmc,1024,3,0.822167
5,2,physical_rqmc,1024,2,0.815708
5,2,quotient_self_normalized,1024,1,0.861458
5,2,quotient_self_normalized,1024,0,0.865459
5,2,quotient_self_normalized,1024,4,0.861916
6,2,quotient_self_normalized,1024,2,0.888959
6,2,quotient_self_normalized,1024,0,0.896833
6,2,quotient_self_normalized,1024,1,0.853542
6,2,physical_rqmc,1024,1,0.822583
6,2,physical_rqmc,1024,3,0.823375
6,2,quotient_self_normalized,1024,4,0.856584
6,2,physical_rqmc,1024,0,0.815542
6,2,physical_rqmc,1024,2,0.815167
6,2,quotient_self_normalized,1024,3,0.865542
6,2,physical_rqmc,1024,4,0.817125
7,2,physical_rqmc,1024,3,0.810958
7,2,physical_rqmc,1024,0,0.827083
7,2,physical_rqmc,1024,4,0.810959
7,2,quotient_self_normalized,1024,1,0.852834
7,2,quotient_self_normalized,1024,2,0.867416
7,2,quotient_self_normalized,1024,0,0.869042
7,2,physical_rqmc,1024,1,0.809375
7,2,quotient_self_normalized,1024,3,0.854916
7,2,quotient_self_normalized,1024,4,0.860125
7,2,physical_rqmc,1024,2,0.822542
8,2,quotient_self_normalized,1024,1,0.894583
8,2,physical_rqmc,1024,4,0.876375
8,2,physical_rqmc,1024,3,0.852083
8,2,quotient_self_normalized,1024,0,0.970625
8,2,quotient_self_normalized,1024,3,0.903083
8,2,physical_rqmc,1024,0,0.839
8,2,quotient_self_normalized,1024,2,0.90475
8,2,physical_rqmc,1024,1,0.823917
8,2,physical_rqmc,1024,2,0.817792
8,2,quotient_self_normalized,1024,4,0.852833
9,2,quotient_self_normalized,1024,3,0.862834
9,2,quotient_self_normalized,1024,1,0.867125
9,2,quotient_self_normalized,1024,2,0.870667
9,2,physical_rqmc,1024,1,0.817333
9,2,physical_rqmc,1024,4,0.816375
9,2,quotient_self_normalized,1024,0,0.853375
9,2,physical_rqmc,1024,2,0.813208
9,2,physical_rqmc,1024,3,0.854
9,2,physical_rqmc,1024,0,0.850542
9,2,quotient_self_normalized,1024,4,0.854291
10,2,physical_rqmc,1024,0,0.8355
10,2,quotient_self_normalized,1024,1,0.877708
10,2,physical_rqmc,1024,2,0.846084
10,2,quotient_self_normalized,1024,0,0.916833
10,2,quotient_self_normalized,1024,2,0.872125
10,2,quotient_self_normalized,1024,3,0.880875
10,2,physical_rqmc,1024,3,0.819083
10,2,physical_rqmc,1024,1,0.814084
10,2,quotient_self_normalized,1024,4,0.862125
10,2,physical_rqmc,1024,4,0.833
11,2,physical_rqmc,1024,3,0.819708
11,2,physical_rqmc,1024,0,0.820375
11,2,physical_rqmc,1024,2,0.808333
11,2,quotient_self_normalized,1024,2,0.86875
11,2,quotient_self_normalized,1024,0,0.854666
11,2,physical_rqmc,1024,4,0.823625
11,2,quotient_self_normalized,1024,4,0.872333
11,2,quotient_self_normalized,1024,1,0.867083
11,2,quotient_self_normalized,1024,3,0.852083
11,2,physical_rqmc,1024,1,1.066
12,2,quotient_self_normalized,1024,1,0.894375
12,2,quotient_self_normalized,1024,3,0.839833
12,2,physical_rqmc,1024,3,0.785542
12,2,quotient_self_normalized,1024,2,0.830666
12,2,physical_rqmc,1024,2,0.78775
12,2,physical_rqmc,1024,4,0.783375
12,2,quotient_self_normalized,1024,0,0.820875
12,2,quotient_self_normalized,1024,4,0.837625
12,2,physical_rqmc,1024,1,0.77275
12,2,physical_rqmc,1024,0,0.782458
13,2,physical_rqmc,1024,0,0.778667
13,2,physical_rqmc,1024,1,0.766625
13,2,quotient_self_normalized,1024,4,0.820875
13,2,quotient_self_normalized,1024,1,0.818208
13,2,quotient_self_normalized,1024,2,0.817708
13,2,physical_rqmc,1024,4,0.782791
13,2,quotient_self_normalized,1024,3,0.808333
13,2,physical_rqmc,1024,2,0.776625
13,2,physical_rqmc,1024,3,0.776125
13,2,quotient_self_normalized,1024,0,1.310125
14,2,quotient_self_normalized,1024,1,0.845042
14,2,quotient_self_normalized,1024,4,0.833042
14,2,physical_rqmc,1024,2,0.799459
14,2,physical_rqmc,1024,4,0.795333
14,2,quotient_self_normalized,1024,2,0.804459
14,2,quotient_self_normalized,1024,3,0.836625
14,2,physical_rqmc,1024,0,0.795167
14,2,quotient_self_normalized,1024,0,0.831875
14,2,physical_rqmc,1024,1,0.806541
14,2,physical_rqmc,1024,3,0.795125
15,2,physical_rqmc,1024,1,0.866
15,2,quotient_self_normalized,1024,2,0.909084
15,2,physical_rqmc,1024,3,0.824708
15,2,physical_rqmc,1024,0,0.844958
15,2,quotient_self_normalized,1024,3,0.867291
15,2,quotient_self_normalized,1024,4,0.867167
15,2,physical_rqmc,1024,4,0.815667
15,2,quotient_self_normalized,1024,0,0.87875
15,2,quotient_self_normalized,1024,1,0.847708
15,2,physical_rqmc,1024,2,0.813292
16,2,quotient_self_normalized,1024,4,0.9095
16,2,quotient_self_normalized,1024,1,0.880375
16,2,quotient_self_normalized,1024,3,0.890875
16,2,physical_rqmc,1024,0,0.850541
16,2,physical_rqmc,1024,4,0.83425
16,2,physical_rqmc,1024,3,0.833542
16,2,quotient_self_normalized,1024,2,0.855208
16,2,physical_rqmc,1024,1,0.833792
16,2,physical_rqmc,1024,2,0.82375
16,2,quotient_self_normalized,1024,0,0.868042
17,2,physical_rqmc,1024,2,0.830541
17,2,physical_rqmc,1024,1,0.825875
17,2,physical_rqmc,1024,3,0.860917
17,2,physical_rqmc,1024,4,0.819291
17,2,physical_rqmc,1024,0,0.813875
17,2,quotient_self_normalized,1024,4,0.931875
17,2,quotient_self_normalized,1024,2,0.899833
17,2,quotient_self_normalized,1024,1,0.875875
17,2,quotient_self_normalized,1024,3,0.862125
17,2,quotient_self_normalized,1024,0,0.856041
18,2,physical_rqmc,1024,4,0.836167
18,2,physical_rqmc,1024,0,0.821875
18,2,quotient_self_normalized,1024,1,0.896875
18,2,quotient_self_normalized,1024,0,0.865792
18,2,quotient_self_normalized,1024,2,0.85725
18,2,quotient_self_normalized,1024,4,0.863834
18,2,physical_rqmc,1024,1,0.826542
18,2,quotient_self_normalized,1024,3,0.870833
18,2,physical_rqmc,1024,2,0.823833
18,2,physical_rqmc,1024,3,0.825834
19,2,quotient_self_normalized,1024,3,0.870375
19,2,quotient_self_normalized,1024,0,0.867291
19,2,physical_rqmc,1024,3,0.8365
19,2,quotient_self_normalized,1024,2,0.859875
19,2,physical_rqmc,1024,1,0.82525
19,2,quotient_self_normalized,1024,1,0.862708
19,2,physical_rqmc,1024,0,0.821542
19,2,physical_rqmc,1024,2,0.831959
19,2,physical_rqmc,1024,4,0.825792
19,2,quotient_self_normalized,1024,4,0.869
20,2,quotient_self_normalized,1024,2,0.878959
20,2,quotient_self_normalized,1024,0,0.865958
20,2,physical_rqmc,1024,0,0.828125
20,2,quotient_self_normalized,1024,4,0.863917
20,2,physical_rqmc,1024,2,0.945167
20,2,quotient_self_normalized,1024,1,0.901125
20,2,physical_rqmc,1024,4,0.810375
20,2,physical_rqmc,1024,3,0.791625
20,2,quotient_self_normalized,1024,3,0.843875
20,2,physical_rqmc,1024,1,0.784
21,2,quotient_self_normalized,1024,4,0.833625
21,2,quotient_self_normalized,1024,3,0.832042
21,2,quotient_self_normalized,1024,0,0.833333
21,2,physical_rqmc,1024,3,0.795833
21,2,physical_rqmc,1024,4,0.775709
21,2,quotient_self_normalized,1024,1,0.824375
21,2,physical_rqmc,1024,1,0.776375
21,2,physical_rqmc,1024,0,0.778958
21,2,quotient_self_normalized,1024,2,0.812917
21,2,physical_rqmc,1024,2,0.777834
22,2,physical_rqmc,1024,1,0.785292
22,2,physical_rqmc,1024,4,0.779583
22,2,quotient_self_normalized,1024,4,0.831959
22,2,quotient_self_normalized,1024,3,0.822833
22,2,quotient_self_normalized,1024,0,0.82625
22,2,quotient_self_normalized,1024,2,0.825083
22,2,physical_rqmc,1024,2,0.784875
22,2,quotient_self_normalized,1024,1,0.837
22,2,physical_rqmc,1024,0,0.787709
22,2,physical_rqmc,1024,3,0.789166
23,2,quotient_self_normalized,1024,1,0.834166
23,2,quotient_self_normalized,1024,3,0.823875
23,2,quotient_self_normalized,1024,4,0.826042
23,2,physical_rqmc,1024,1,0.795208
23,2,quotient_self_normalized,1024,0,0.837917
23,2,quotient_self_normalized,1024,2,0.843791
23,2,physical_rqmc,1024,2,0.791375
23,2,physical_rqmc,1024,0,0.793917
23,2,physical_rqmc,1024,4,0.78525
23,2,physical_rqmc,1024,3,0.783
24,2,quotient_self_normalized,1024,3,0.843167
24,2,quotient_self_normalized,1024,0,0.82725
24,2,physical_rqmc,1024,0,0.797625
24,2,physical_rqmc,1024,3,0.784625
24,2,physical_rqmc,1024,2,0.785542
24,2,physical_rqmc,1024,1,0.77925
24,2,quotient_self_normalized,1024,2,0.828375
24,2,physical_rqmc,1024,4,0.779416
24,2,quotient_self_normalized,1024,1,0.816333
24,2,quotient_self_normalized,1024,4,0.823083
25,2,quotient_self_normalized,1024,3,0.838208
25,2,physical_rqmc,1024,4,0.7975
25,2,physical_rqmc,1024,2,0.787375
25,2,physical_rqmc,1024,0,0.787083
25,2,quotient_self_normalized,1024,1,0.83625
25,2,physical_rqmc,1024,1,0.787792
25,2,physical_rqmc,1024,3,0.787459
25,2,quotient_self_normalized,1024,0,0.844958
25,2,quotient_self_normalized,1024,4,0.822791
25,2,quotient_self_normalized,1024,2,0.829125
26,2,quotient_self_normalized,1024,4,0.816166
26,2,physical_rqmc,1024,3,0.80475
26,2,physical_rqmc,1024,0,0.774792
26,2,quotient_self_normalized,1024,1,0.831625
26,2,physical_rqmc,1024,4,0.787667
26,2,physical_rqmc,1024,2,0.783416
26,2,quotient_self_normalized,1024,2,0.841875
26,2,quotient_self_normalized,1024,0,0.8245
26,2,physical_rqmc,1024,1,0.780667
26,2,quotient_self_normalized,1024,3,0.816083
27,2,quotient_self_normalized,1024,4,0.813833
27,2,physical_rqmc,1024,4,0.785959
27,2,quotient_self_normalized,1024,1,0.837958
27,2,physical_rqmc,1024,2,0.775459
27,2,physical_rqmc,1024,3,0.773708
27,2,physical_rqmc,1024,1,0.775958
27,2,quotient_self_normalized,1024,2,0.825292
27,2,quotient_self_normalized,1024,0,0.824125
27,2,physical_rqmc,1024,0,0.767125
27,2,quotient_self_normalized,1024,3,0.813875
28,2,quotient_self_normalized,1024,3,0.817458
28,2,physical_rqmc,1024,0,0.786
28,2,quotient_self_normalized,1024,2,0.811125
28,2,physical_rqmc,1024,4,0.77775
28,2,physical_rqmc,1024,3,0.782458
28,2,physical_rqmc,1024,2,0.766541
28,2,quotient_self_normalized,1024,0,0.822834
28,2,quotient_self_normalized,1024,4,0.819708
28,2,quotient_self_normalized,1024,1,0.8165
28,2,physical_rqmc,1024,1,0.773916
29,2,quotient_self_normalized,1024,2,0.823959
29,2,physical_rqmc,1024,2,0.784333
29,2,quotient_self_normalized,1024,1,0.817
29,2,physical_rqmc,1024,3,0.782959
29,2,physical_rqmc,1024,4,0.785334
29,2,quotient_self_normalized,1024,3,0.836958
29,2,quotient_self_normalized,1024,4,0.835916
29,2,quotient_self_normalized,1024,0,0.826583
29,2,physical_rqmc,1024,1,0.777625
29,2,physical_rqmc,1024,0,0.778583
30,2,quotient_self_normalized,1024,4,0.826917
30,2,physical_rqmc,1024,3,0.784625
30,2,physical_rqmc,1024,4,0.778416
30,2,physical_rqmc,1024,1,0.770791
30,2,physical_rqmc,1024,2,0.778
30,2,quotient_self_normalized,1024,1,0.835791
30,2,physical_rqmc,1024,0,0.816417
30,2,quotient_self_normalized,1024,2,0.843791
30,2,quotient_self_normalized,1024,0,0.817917
30,2,quotient_self_normalized,1024,3,0.81325
31,2,quotient_self_normalized,1024,0,0.820917
31,2,physical_rqmc,1024,1,0.792791
31,2,physical_rqmc,1024,4,0.786417
31,2,quotient_self_normalized,1024,1,0.8185
31,2,quotient_self_normalized,1024,3,0.811041
31,2,physical_rqmc,1024,3,0.771792
31,2,physical_rqmc,1024,0,0.7745
31,2,quotient_self_normalized,1024,4,0.81625
31,2,quotient_self_normalized,1024,2,0.813917
31,2,physical_rqmc,1024,2,0.780334
32,2,physical_rqmc,1024,0,0.7745
32,2,quotient_self_normalized,1024,2,0.814167
32,2,quotient_self_normalized,1024,0,0.812166
32,2,physical_rqmc,1024,4,0.7665
32,2,physical_rqmc,1024,3,0.770458
32,2,physical_rqmc,1024,1,0.788292
32,2,quotient_self_normalized,1024,1,0.8195
32,2,quotient_self_normalized,1024,3,1.091541
32,2,quotient_self_normalized,1024,4,0.918042
32,2,physical_rqmc,1024,2,0.866625
33,2,physical_rqmc,1024,3,0.838584
33,2,quotient_self_normalized,1024,2,0.89775
33,2,physical_rqmc,1024,4,0.853208
33,2,quotient_self_normalized,1024,1,0.892375
33,2,quotient_self_normalized,1024,3,0.875375
33,2,physical_rqmc,1024,1,0.848708
33,2,quotient_self_normalized,1024,4,0.879333
33,2,physical_rqmc,1024,2,0.837292
33,2,physical_rqmc,1024,0,0.838083
33,2,quotient_self_normalized,1024,0,0.846708
34,2,quotient_self_normalized,1024,4,0.864458
34,2,physical_rqmc,1024,2,0.832333
34,2,quotient_self_normalized,1024,2,0.86925
34,2,physical_rqmc,1024,0,0.809458
34,2,quotient_self_normalized,1024,0,0.865708
34,2,physical_rqmc,1024,4,0.803417
34,2,physical_rqmc,1024,3,0.835167
34,2,quotient_self_normalized,1024,1,0.857083
34,2,quotient_self_normalized,1024,3,0.838917
34,2,physical_rqmc,1024,1,0.827875
35,2,physical_rqmc,1024,2,0.820375
35,2,physical_rqmc,1024,1,0.798459
35,2,quotient_self_normalized,1024,2,0.861541
35,2,quotient_self_normalized,1024,1,0.875917
35,2,physical_rqmc,1024,4,0.848833
35,2,quotient_self_normalized,1024,4,0.886333
35,2,quotient_self_normalized,1024,3,0.843208
35,2,physical_rqmc,1024,3,0.827375
35,2,quotient_self_normalized,1024,0,0.8505
35,2,physical_rqmc,1024,0,0.808334
36,2,physical_rqmc,1024,3,0.836917
36,2,quotient_self_normalized,1024,3,0.85125
36,2,quotient_self_normalized,1024,1,0.845542
36,2,quotient_self_normalized,1024,0,0.84575
36,2,quotient_self_normalized,1024,2,0.852583
36,2,physical_rqmc,1024,4,0.821917
36,2,physical_rqmc,1024,2,0.813959
36,2,quotient_self_normalized,1024,4,0.887
36,2,physical_rqmc,1024,0,0.825083
36,2,physical_rqmc,1024,1,0.818
37,2,physical_rqmc,1024,2,0.81775
37,2,quotient_self_normalized,1024,4,0.894209
37,2,physical_rqmc,1024,1,0.815959
37,2,quotient_self_normalized,1024,3,0.86775
37,2,physical_rqmc,1024,0,0.857416
37,2,quotient_self_normalized,1024,0,0.879625
37,2,quotient_self_normalized,1024,1,0.865375
37,2,physical_rqmc,1024,4,0.824125
37,2,physical_rqmc,1024,3,0.831125
37,2,quotient_self_normalized,1024,2,0.847792
38,2,physical_rqmc,1024,3,0.843
38,2,physical_rqmc,1024,4,1.007167
38,2,physical_rqmc,1024,1,0.985958
38,2,quotient_self_normalized,1024,4,0.894709
38,2,quotient_self_normalized,1024,1,0.848041
38,2,quotient_self_normalized,1024,0,0.844917
38,2,quotient_self_normalized,1024,3,0.841417
38,2,quotient_self_normalized,1024,2,0.826167
38,2,physical_rqmc,1024,0,0.793041
38,2,physical_rqmc,1024,2,0.785083
39,2,physical_rqmc,1024,3,0.953
39,2,quotient_self_normalized,1024,3,1.012667
39,2,physical_rqmc,1024,4,0.92275
39,2,quotient_self_normalized,1024,1,0.907292
39,2,quotient_self_normalized,1024,2,0.870375
39,2,physical_rqmc,1024,0,0.84475
39,2,physical_rqmc,1024,1,0.831459
39,2,quotient_self_normalized,1024,0,0.855959
39,2,physical_rqmc,1024,2,0.819208
39,2,quotient_self_normalized,1024,4,0.873541
40,2,physical_rqmc,1024,4,0.831167
40,2,quotient_self_normalized,1024,4,0.923375
40,2,physical_rqmc,1024,2,0.90375
40,2,quotient_self_normalized,1024,1,0.885
40,2,physical_rqmc,1024,3,0.827417
40,2,physical_rqmc,1024,0,0.822834
40,2,quotient_self_normalized,1024,3,0.857083
40,2,quotient_self_normalized,1024,0,0.855542
40,2,physical_rqmc,1024,1,0.840792
40,2,quotient_self_normalized,1024,2,0.8665
41,2,physical_rqmc,1024,3,0.877583
41,2,quotient_self_normalized,1024,0,0.873708
41,2,physical_rqmc,1024,2,0.823958
41,2,quotient_self_normalized,1024,2,0.863459
41,2,quotient_self_normalized,1024,3,0.86725
41,2,physical_rqmc,1024,4,0.824792
41,2,physical_rqmc,1024,1,0.826666
41,2,quotient_self_normalized,1024,1,0.855583
41,2,quotient_self_normalized,1024,4,0.861375
41,2,physical_rqmc,1024,0,0.82225
42,2,physical_rqmc,1024,0,0.8345
42,2,physical_rqmc,1024,4,0.830417
42,2,quotient_self_normalized,1024,0,0.871833
42,2,quotient_self_normalized,1024,1,0.8715
42,2,physical_rqmc,1024,3,0.831542
42,2,physical_rqmc,1024,2,0.846625
42,2,quotient_self_normalized,1024,3,0.894833
42,2,quotient_self_normalized,1024,2,0.938958
42,2,quotient_self_normalized,1024,4,0.88175
42,2,physical_rqmc,1024,1,0.8565
43,2,physical_rqmc,1024,4,0.831875
43,2,physical_rqmc,1024,3,0.815958
43,2,physical_rqmc,1024,2,0.822709
43,2,quotient_self_normalized,1024,4,0.876125
43,2,quotient_self_normalized,1024,2,0.870916
43,2,quotient_self_normalized,1024,3,0.880166
43,2,physical_rqmc,1024,1,0.828
43,2,quotient_self_normalized,1024,1,0.867625
43,2,quotient_self_normalized,1024,0,0.88225
43,2,physical_rqmc,1024,0,0.819833
44,2,quotient_self_normalized,1024,4,0.873709
44,2,physical_rqmc,1024,4,0.83175
44,2,quotient_self_normalized,1024,0,0.869792
44,2,quotient_self_normalized,1024,3,0.857667
44,2,quotient_self_normalized,1024,2,0.864208
44,2,quotient_self_normalized,1024,1,0.869333
44,2,physical_rqmc,1024,0,0.826791
44,2,physical_rqmc,1024,1,0.822833
44,2,physical_rqmc,1024,2,0.976542
44,2,physical_rqmc,1024,3,0.950709
45,2,physical_rqmc,1024,4,0.785791
45,2,physical_rqmc,1024,2,0.807833
45,2,quotient_self_normalized,1024,4,0.833958
45,2,quotient_self_normalized,1024,0,0.845417
45,2,physical_rqmc,1024,3,0.788334
45,2,quotient_self_normalized,1024,2,0.815542
45,2,quotient_self_normalized,1024,1,0.839375
45,2,physical_rqmc,1024,1,0.7965
45,2,quotient_self_normalized,1024,3,0.790458
45,2,physical_rqmc,1024,0,0.810875
46,2,physical_rqmc,1024,2,0.761791
46,2,quotient_self_normalized,1024,2,0.81175
46,2,physical_rqmc,1024,3,0.767708
46,2,physical_rqmc,1024,4,0.776542
46,2,quotient_self_normalized,1024,4,0.822541
46,2,physical_rqmc,1024,0,0.779458
46,2,quotient_self_normalized,1024,0,0.827208
46,2,quotient_self_normalized,1024,3,0.81575
46,2,physical_rqmc,1024,1,0.785208
46,2,quotient_self_normalized,1024,1,0.793375
47,2,quotient_self_normalized,1024,3,0.8855
47,2,quotient_self_normalized,1024,2,0.874792
47,2,physical_rqmc,1024,4,0.830583
47,2,quotient_self_normalized,1024,4,0.887541
47,2,physical_rqmc,1024,3,0.850584
47,2,quotient_self_normalized,1024,0,0.86375
47,2,physical_rqmc,1024,1,0.814625
47,2,physical_rqmc,1024,0,0.803583
47,2,physical_rqmc,1024,2,0.806125
47,2,quotient_self_normalized,1024,1,0.834917
48,2,quotient_self_normalized,1024,4,0.856167
48,2,quotient_self_normalized,1024,0,0.846708
48,2,quotient_self_normalized,1024,2,0.838
48,2,quotient_self_normalized,1024,1,0.8135
48,2,physical_rqmc,1024,2,0.774875
48,2,physical_rqmc,1024,0,0.78775
48,2,physical_rqmc,1024,1,0.782125
48,2,physical_rqmc,1024,3,0.780083
48,2,physical_rqmc,1024,4,0.79925
48,2,quotient_self_normalized,1024,3,0.851459
49,2,physical_rqmc,4096,1,2.716167
49,2,quotient_self_normalized,1024,1,0.943708
49,2,quotient_self_normalized,1024,3,0.900375
49,2,physical_rqmc,4096,4,2.788292
49,2,physical_rqmc,4096,3,2.815292
49,2,quotient_self_normalized,1024,4,0.964417
49,2,physical_rqmc,4096,0,2.836542
49,2,quotient_self_normalized,1024,0,1.023708
49,2,physical_rqmc,4096,2,2.72075
49,2,quotient_self_normalized,1024,2,0.984042
50,2,physical_rqmc,4096,1,2.914709
50,2,quotient_self_normalized,1024,2,1.008292
50,2,physical_rqmc,4096,2,2.836458
50,2,physical_rqmc,4096,0,2.866708
50,2,quotient_self_normalized,1024,1,0.978958
50,2,quotient_self_normalized,1024,4,0.924291
50,2,physical_rqmc,4096,4,2.714709
50,2,physical_rqmc,4096,3,2.699417
50,2,quotient_self_normalized,1024,3,0.995708
50,2,quotient_self_normalized,1024,0,0.940708
51,2,physical_rqmc,16384,3,11.55775
51,2,quotient_self_normalized,1024,4,1.03575
51,2,physical_rqmc,16384,1,11.706458
51,2,physical_rqmc,16384,2,11.33225
51,2,quotient_self_normalized,1024,1,1.201416
51,2,physical_rqmc,16384,4,12.405833
51,2,physical_rqmc,16384,0,11.275125
51,2,quotient_self_normalized,1024,0,1.404833
51,2,quotient_self_normalized,1024,2,1.185667
51,2,quotient_self_normalized,1024,3,1.046084
52,2,quotient_self_normalized,1024,3,1.031084
52,2,physical_rqmc,4096,3,2.773167
52,2,quotient_self_normalized,1024,2,1.008291
52,2,physical_rqmc,4096,2,3.034459
52,2,quotient_self_normalized,1024,0,1.043833
52,2,quotient_self_normalized,1024,1,1.002458
52,2,quotient_self_normalized,1024,4,0.987667
52,2,physical_rqmc,4096,0,2.78225
52,2,physical_rqmc,4096,4,3.031875
52,2,physical_rqmc,4096,1,2.826041
53,2,physical_rqmc,4096,1,2.875875
53,2,quotient_self_normalized,1024,1,1.01725
53,2,physical_rqmc,4096,4,2.842583
53,2,physical_rqmc,4096,3,3.057958
53,2,quotient_self_normalized,1024,2,1.053584
53,2,quotient_self_normalized,1024,0,1.004541
53,2,physical_rqmc,4096,0,2.785125
53,2,quotient_self_normalized,1024,3,1.003583
53,2,physical_rqmc,4096,2,2.815166
53,2,quotient_self_normalized,1024,4,0.99475
54,2,physical_rqmc,4096,3,2.91525
54,2,quotient_self_normalized,1024,3,0.9755
54,2,physical_rqmc,4096,2,2.79925
54,2,physical_rqmc,4096,4,2.995792
54,2,physical_rqmc,4096,1,2.805041
54,2,physical_rqmc,4096,0,2.714959
54,2,quotient_self_normalized,1024,0,0.976958
54,2,quotient_self_normalized,1024,1,0.931375
54,2,quotient_self_normalized,1024,2,0.935167
54,2,quotient_self_normalized,1024,4,0.921125
55,2,quotient_self_normalized,1024,4,0.936042
55,2,quotient_self_normalized,1024,1,0.92
55,2,quotient_self_normalized,1024,0,0.934042
55,2,physical_rqmc,4096,1,2.709459
55,2,physical_rqmc,4096,2,2.822875
55,2,physical_rqmc,4096,3,2.801875
55,2,quotient_self_normalized,1024,2,0.959042
55,2,physical_rqmc,4096,4,2.697042
55,2,quotient_self_normalized,1024,3,0.931458
55,2,physical_rqmc,4096,0,2.718583
56,2,physical_rqmc,4096,4,2.895334
56,2,physical_rqmc,4096,2,2.787333
56,2,quotient_self_normalized,1024,1,0.98325
56,2,physical_rqmc,4096,3,2.810541
56,2,quotient_self_normalized,1024,0,1.141292
56,2,quotient_self_normalized,1024,4,1.023333
56,2,quotient_self_normalized,1024,3,1.015792
56,2,physical_rqmc,4096,1,2.916375
56,2,physical_rqmc,4096,0,3.430208
56,2,quotient_self_normalized,1024,2,1.130916
57,2,quotient_self_normalized,1024,3,0.910334
57,2,physical_rqmc,1024,4,0.868208
57,2,physical_rqmc,1024,2,0.850708
57,2,physical_rqmc,1024,3,0.866875
57,2,physical_rqmc,1024,1,0.876042
57,2,quotient_self_normalized,1024,0,0.933458
57,2,quotient_self_normalized,1024,1,0.890875
57,2,physical_rqmc,1024,0,0.854125
57,2,quotient_self_normalized,1024,2,0.874583
57,2,quotient_self_normalized,1024,4,0.881333
58,2,physical_rqmc,4096,3,2.675459
58,2,quotient_self_normalized,1024,2,0.915584
58,2,quotient_self_normalized,1024,4,0.915416
58,2,physical_rqmc,4096,1,2.740583
58,2,quotient_self_normalized,1024,1,0.998291
58,2,physical_rqmc,4096,2,3.106667
58,2,physical_rqmc,4096,0,4.053125
58,2,quotient_self_normalized,1024,3,1.134292
58,2,physical_rqmc,4096,4,2.952458
58,2,quotient_self_normalized,1024,0,1.072416
59,2,physical_rqmc,4096,1,2.840542
59,2,physical_rqmc,4096,4,3.327
59,2,quotient_self_normalized,1024,4,0.961542
59,2,quotient_self_normalized,1024,2,0.860416
59,2,physical_rqmc,4096,2,2.603042
59,2,physical_rqmc,4096,3,2.582667
59,2,quotient_self_normalized,1024,1,0.900625
59,2,quotient_self_normalized,1024,3,0.860291
59,2,quotient_self_normalized,1024,0,0.865792
59,2,physical_rqmc,4096,0,2.720459
60,2,quotient_self_normalized,1024,0,0.859542
60,2,quotient_self_normalized,1024,4,0.848083
60,2,physical_rqmc,4096,4,2.715292
60,2,physical_rqmc,4096,3,2.670333
60,2,physical_rqmc,4096,0,2.747625
60,2,physical_rqmc,4096,1,2.708333
60,2,quotient_self_normalized,1024,2,0.90775
60,2,physical_rqmc,4096,2,2.57375
60,2,quotient_self_normalized,1024,3,0.948917
60,2,quotient_self_normalized,1024,1,0.956417
61,2,physical_rqmc,16384,2,10.957
61,2,quotient_self_normalized,1024,1,1.063125
61,2,quotient_self_normalized,1024,0,0.913875
61,2,quotient_self_normalized,1024,3,0.896333
61,2,quotient_self_normalized,1024,2,0.872458
61,2,physical_rqmc,16384,3,10.812459
61,2,physical_rqmc,16384,4,12.519291
61,2,physical_rqmc,16384,1,10.678875
61,2,physical_rqmc,16384,0,13.349625
61,2,quotient_self_normalized,1024,4,1.219042
62,2,quotient_self_normalized,1024,3,1.28525
62,2,physical_rqmc,1024,1,1.203291
62,2,physical_rqmc,1024,4,0.924
62,2,physical_rqmc,1024,3,0.844042
62,2,quotient_self_normalized,1024,1,0.895667
62,2,quotient_self_normalized,1024,0,0.886209
62,2,quotient_self_normalized,1024,4,0.868667
62,2,physical_rqmc,1024,2,0.829167
62,2,quotient_self_normalized,1024,2,0.86975
62,2,physical_rqmc,1024,0,0.825125
63,2,physical_rqmc,4096,3,2.545875
63,2,physical_rqmc,4096,4,2.566041
63,2,physical_rqmc,4096,0,2.782458
63,2,quotient_self_normalized,1024,3,0.91925
63,2,quotient_self_normalized,1024,1,0.925375
63,2,physical_rqmc,4096,1,2.594875
63,2,quotient_self_normalized,1024,4,0.878292
63,2,quotient_self_normalized,1024,0,0.859833
63,2,quotient_self_normalized,1024,2,0.866
63,2,physical_rqmc,4096,2,2.542583
64,2,physical_rqmc,16384,3,9.70675
64,2,physical_rqmc,16384,1,10.001458
64,2,quotient_self_normalized,4096,3,2.971
64,2,quotient_self_normalized,4096,0,2.796334
64,2,quotient_self_normalized,4096,2,2.731875
64,2,physical_rqmc,16384,4,10.007333
64,2,physical_rqmc,16384,0,9.836542
64,2,quotient_self_normalized,4096,4,2.843917
64,2,physical_rqmc,16384,2,9.755083
64,2,quotient_self_normalized,4096,1,2.707083
65,2,quotient_self_normalized,1024,3,0.784416
65,2,physical_rqmc,16384,4,10.079125
65,2,quotient_self_normalized,1024,4,1.00925
65,2,physical_rqmc,16384,1,10.670666
65,2,physical_rqmc,16384,2,10.088333
65,2,quotient_self_normalized,1024,0,1.040709
65,2,quotient_self_normalized,1024,1,0.844125
65,2,quotient_self_normalized,1024,2,0.809791
65,2,physical_rqmc,16384,0,9.762459
65,2,physical_rqmc,16384,3,10.148
66,2,physical_rqmc,16384,1,9.753625
66,2,quotient_self_normalized,1024,1,0.966542
66,2,quotient_self_normalized,1024,0,0.825375
66,2,physical_rqmc,16384,4,10.576166
66,2,physical_rqmc,16384,2,9.827042
66,2,quotient_self_normalized,1024,2,0.873625
66,2,quotient_self_normalized,1024,3,0.771709
66,2,physical_rqmc,16384,0,9.684292
66,2,quotient_self_normalized,1024,4,0.951375
66,2,physical_rqmc,16384,3,9.983416
67,2,quotient_self_normalized,1024,0,0.902208
67,2,physical_rqmc,4096,0,2.587125
67,2,quotient_self_normalized,1024,3,0.952584
67,2,quotient_self_normalized,1024,2,0.937708
67,2,physical_rqmc,4096,1,2.498417
67,2,quotient_self_normalized,1024,4,0.943583
67,2,physical_rqmc,4096,2,2.563125
67,2,quotient_self_normalized,1024,1,0.947209
67,2,physical_rqmc,4096,4,2.531541
67,2,physical_rqmc,4096,3,2.54125
68,2,physical_rqmc,16384,0,9.636792
68,2,quotient_self_normalized,1024,2,0.968792
68,2,physical_rqmc,16384,2,9.744
68,2,physical_rqmc,16384,4,9.963917
68,2,quotient_self_normalized,1024,1,0.970292
68,2,quotient_self_normalized,1024,0,0.832125
68,2,physical_rqmc,16384,1,9.811375
68,2,quotient_self_normalized,1024,3,1.009166
68,2,physical_rqmc,16384,3,9.995167
68,2,quotient_self_normalized,1024,4,0.976916
69,2,quotient_self_normalized,1024,4,0.888291
69,2,quotient_self_normalized,1024,1,1.039459
69,2,physical_rqmc,4096,4,3.018917
69,2,physical_rqmc,4096,2,2.80375
69,2,quotient_self_normalized,1024,3,0.903375
69,2,quotient_self_normalized,1024,2,0.847959
69,2,physical_rqmc,4096,0,2.494334
69,2,physical_rqmc,4096,1,2.591208
69,2,quotient_self_normalized,1024,0,0.886958
69,2,physical_rqmc,4096,3,2.560791
70,2,quotient_self_normalized,1024,3,0.87625
70,2,physical_rqmc,1024,0,0.829792
70,2,quotient_self_normalized,1024,4,0.86525
70,2,physical_rqmc,1024,3,0.824583
70,2,physical_rqmc,1024,4,0.84075
70,2,quotient_self_normalized,1024,1,0.860166
70,2,physical_rqmc,1024,2,0.820333
70,2,physical_rqmc,1024,1,0.82425
70,2,quotient_self_normalized,1024,0,0.866667
70,2,quotient_self_normalized,1024,2,0.862666
71,2,physical_rqmc,4096,3,2.598708
71,2,quotient_self_normalized,1024,4,0.889
71,2,physical_rqmc,4096,2,2.528083
71,2,physical_rqmc,4096,4,2.562917
71,2,physical_rqmc,4096,1,2.607875
71,2,quotient_self_normalized,1024,3,0.8925
71,2,quotient_self_normalized,1024,0,0.854459
71,2,quotient_self_normalized,1024,1,0.861459
71,2,quotient_self_normalized,1024,2,0.858208
71,2,physical_rqmc,4096,0,2.539709
72,2,physical_rqmc,16384,4,10.344209
72,2,physical_rqmc,16384,0,9.942167
72,2,physical_rqmc,16384,3,10.083917
72,2,quotient_self_normalized,1024,3,0.977042
72,2,quotient_self_normalized,1024,0,0.918917
72,2,physical_rqmc,16384,2,10.386625
72,2,quotient_self_normalized,1024,4,1.014584
72,2,physical_rqmc,16384,1,10.13275
72,2,quotient_self_normalized,1024,1,0.975625
72,2,quotient_self_normalized,1024,2,0.912708
73,2,physical_rqmc,16384,0,10.113625
73,2,physical_rqmc,16384,2,10.458584
73,2,quotient_self_normalized,4096,1,2.936417
73,2,physical_rqmc,16384,4,9.952875
73,2,physical_rqmc,16384,3,10.308958
73,2,quotient_self_normalized,4096,4,2.969833
73,2,physical_rqmc,16384,1,9.932208
73,2,quotient_self_normalized,4096,2,3.15925
73,2,quotient_self_normalized,4096,0,3.41775
73,2,quotient_self_normalized,4096,3,2.85125
74,2,quotient_self_normalized,1024,2,0.907583
74,2,quotient_self_normalized,1024,0,0.902541
74,2,quotient_self_normalized,1024,3,0.894833
74,2,physical_rqmc,4096,3,2.477084
74,2,physical_rqmc,4096,4,2.490292
74,2,physical_rqmc,4096,0,2.548833
74,2,quotient_self_normalized,1024,4,0.886416
74,2,physical_rqmc,4096,1,2.808
74,2,quotient_self_normalized,1024,1,1.046416
74,2,physical_rqmc,4096,2,2.530958
75,2,quotient_self_normalized,1024,0,1.070708
75,2,quotient_self_normalized,1024,3,1.089917
75,2,physical_rqmc,4096,4,2.901
75,2,physical_rqmc,4096,0,2.827125
75,2,quotient_self_normalized,1024,1,1.077791
75,2,physical_rqmc,4096,2,2.687417
75,2,physical_rqmc,4096,3,2.540792
75,2,physical_rqmc,4096,1,2.563959
75,2,quotient_self_normalized,1024,2,0.938459
75,2,quotient_self_normalized,1024,4,0.899125
76,2,physical_rqmc,4096,0,2.539041
76,2,physical_rqmc,4096,1,2.597375
76,2,physical_rqmc,4096,4,2.727042
76,2,quotient_self_normalized,1024,1,1.00025
76,2,quotient_self_normalized,1024,4,0.931958
76,2,quotient_self_normalized,1024,3,0.905625
76,2,quotient_self_normalized,1024,0,0.976042
76,2,physical_rqmc,4096,2,2.647333
76,2,quotient_self_normalized,1024,2,0.921792
76,2,physical_rqmc,4096,3,2.72525
77,2,quotient_self_normalized,1024,3,0.900334
77,2,physical_rqmc,4096,3,2.665583
77,2,quotient_self_normalized,1024,0,0.891125
77,2,physical_rqmc,4096,4,2.564
77,2,quotient_self_normalized,1024,4,0.945542
77,2,physical_rqmc,4096,2,2.6545
77,2,physical_rqmc,4096,0,2.80675
77,2,quotient_self_normalized,1024,2,0.970792
77,2,physical_rqmc,4096,1,2.596833
77,2,quotient_self_normalized,1024,1,0.955625
78,2,quotient_self_normalized,4096,3,3.186916
78,2,physical_rqmc,65536,4,44.611958
78,2,quotient_self_normalized,4096,2,3.374875
78,2,quotient_self_normalized,4096,1,3.028375
78,2,physical_rqmc,65536,3,44.521917
78,2,quotient_self_normalized,4096,0,3.379667
78,2,physical_rqmc,65536,0,45.136208
78,2,physical_rqmc,65536,1,44.560125
78,2,quotient_self_normalized,4096,4,4.305917
78,2,physical_rqmc,65536,2,46.827
79,2,quotient_self_normalized,1024,1,0.907875
79,2,physical_rqmc,16384,3,10.38175
79,2,quotient_self_normalized,1024,0,0.992333
79,2,physical_rqmc,16384,4,10.669333
79,2,physical_rqmc,16384,2,10.481042
79,2,physical_rqmc,16384,0,10.4885
79,2,quotient_self_normalized,1024,2,0.962458
79,2,quotient_self_normalized,1024,3,0.86475
79,2,physical_rqmc,16384,1,10.523041
79,2,quotient_self_normalized,1024,4,1.095666
80,2,physical_rqmc,65536,1,45.387
80,2,quotient_self_normalized,1024,2,1.117208
80,2,quotient_self_normalized,1024,4,1.129583
80,2,physical_rqmc,65536,3,45.876792
80,2,quotient_self_normalized,1024,3,1.102708
80,2,quotient_self_normalized,1024,1,0.883833
80,2,physical_rqmc,65536,0,43.030166
80,2,quotient_self_normalized,1024,0,0.929458
80,2,physical_rqmc,65536,4,42.768166
80,2,physical_rqmc,65536,2,42.965042
81,2,physical_rqmc,16384,2,10.101917
81,2,quotient_self_normalized,1024,3,0.889291
81,2,physical_rqmc,16384,1,10.089625
81,2,quotient_self_normalized,1024,0,0.87575
81,2,quotient_self_normalized,1024,1,0.779875
81,2,physical_rqmc,16384,4,9.918292
81,2,physical_rqmc,16384,3,10.549875
81,2,quotient_self_normalized,1024,2,0.961583
81,2,quotient_self_normalized,1024,4,0.914375
81,2,physical_rqmc,16384,0,10.116916
82,2,physical_rqmc,65536,4,43.20925
82,2,quotient_self_normalized,1024,2,0.930208
82,2,physical_rqmc,65536,0,42.989292
82,2,quotient_self_normalized,1024,1,0.997208
82,2,quotient_self_normalized,1024,4,0.937709
82,2,physical_rqmc,65536,3,44.701458
82,2,quotient_self_normalized,1024,0,1.052791
82,2,physical_rqmc,65536,2,43.541
82,2,physical_rqmc,65536,1,45.452625
82,2,quotient_self_normalized,1024,3,1.094833
83,2,physical_rqmc,16384,4,10.900709
83,2,physical_rqmc,16384,0,10.622875
83,2,quotient_self_normalized,1024,2,1.037
83,2,quotient_self_normalized,1024,1,0.829959
83,2,physical_rqmc,16384,2,10.437917
83,2,physical_rqmc,16384,3,10.683042
83,2,quotient_self_normalized,1024,3,0.996708
83,2,quotient_self_normalized,1024,0,0.789333
83,2,physical_rqmc,16384,1,10.134791
83,2,quotient_self_normalized,1024,4,0.9905
84,2,quotient_self_normalized,1024,2,0.845792
84,2,quotient_self_normalized,1024,1,0.794292
84,2,physical_rqmc,65536,0,43.393583
84,2,quotient_self_normalized,1024,3,0.933167
84,2,physical_rqmc,65536,4,43.684833
84,2,physical_rqmc,65536,1,43.645125
84,2,quotient_self_normalized,1024,0,1.035667
84,2,physical_rqmc,65536,2,43.74475
84,2,physical_rqmc,65536,3,44.180584
84,2,quotient_self_normalized,1024,4,1.163875
85,2,quotient_self_normalized,1024,2,0.908167
85,2,physical_rqmc,16384,1,10.580417
85,2,physical_rqmc,16384,4,10.751625
85,2,quotient_self_normalized,1024,0,1.150958
85,2,physical_rqmc,16384,2,10.222333
85,2,physical_rqmc,16384,3,10.816334
85,2,quotient_self_normalized,1024,1,1.073958
85,2,physical_rqmc,16384,0,10.070959
85,2,quotient_self_normalized,1024,4,1.046417
85,2,quotient_self_normalized,1024,3,0.841083
86,2,quotient_self_normalized,1024,2,0.867583
86,2,quotient_self_normalized,1024,3,0.845083
86,2,quotient_self_normalized,1024,0,0.995209
86,2,physical_rqmc,65536,1,44.501958
86,2,quotient_self_normalized,1024,4,0.995334
86,2,physical_rqmc,65536,0,44.910541
86,2,quotient_self_normalized,1024,1,1.241375
86,2,physical_rqmc,65536,2,44.926459
86,2,physical_rqmc,65536,3,44.73925
86,2,physical_rqmc,65536,4,43.482166
87,2,quotient_self_normalized,1024,0,1.075208
87,2,physical_rqmc,16384,0,10.413416
87,2,physical_rqmc,16384,3,10.34275
87,2,physical_rqmc,16384,4,10.527083
87,2,physical_rqmc,16384,2,10.258416
87,2,quotient_self_normalized,1024,3,1.061708
87,2,quotient_self_normalized,1024,4,1.115583
87,2,quotient_self_normalized,1024,2,1.074708
87,2,physical_rqmc,16384,1,10.259792
87,2,quotient_self_normalized,1024,1,0.966125
88,2,physical_rqmc,16384,0,10.246
88,2,physical_rqmc,16384,4,10.428833
88,2,quotient_self_normalized,1024,0,0.994042
88,2,quotient_self_normalized,1024,3,1.066458
88,2,physical_rqmc,16384,1,10.621917
88,2,quotient_self_normalized,1024,4,0.975125
88,2,physical_rqmc,16384,2,10.552542
88,2,quotient_self_normalized,1024,1,0.98575
88,2,quotient_self_normalized,1024,2,1.073917
88,2,physical_rqmc,16384,3,10.220375
89,2,quotient_self_normalized,1024,0,1.049125
89,2,physical_rqmc,65536,4,45.595084
89,2,quotient_self_normalized,1024,2,0.995416
89,2,physical_rqmc,65536,0,45.779125
89,2,physical_rqmc,65536,1,46.583833
89,2,physical_rqmc,65536,3,45.1155
89,2,quotient_self_normalized,1024,1,1.17525
89,2,physical_rqmc,65536,2,44.268625
89,2,quotient_self_normalized,1024,3,0.963417
89,2,quotient_self_normalized,1024,4,0.793208
90,2,physical_rqmc,65536,4,43.762125
90,2,quotient_self_normalized,1024,4,1.057084
90,2,physical_rqmc,65536,0,43.624667
90,2,physical_rqmc,65536,1,43.712292
90,2,quotient_self_normalized,1024,0,1.200709
90,2,physical_rqmc,65536,3,44.824458
90,2,quotient_self_normalized,1024,2,0.965333
90,2,quotient_self_normalized,1024,1,0.808458
90,2,quotient_self_normalized,1024,3,0.802625
90,2,physical_rqmc,65536,2,43.659333
91,2,quotient_self_normalized,1024,3,0.82875
91,2,physical_rqmc,16384,3,10.022833
91,2,quotient_self_normalized,1024,4,1.007417
91,2,physical_rqmc,16384,1,10.106834
91,2,physical_rqmc,16384,2,10.215667
91,2,physical_rqmc,16384,0,10.575583
91,2,quotient_self_normalized,1024,1,0.979375
91,2,quotient_self_normalized,1024,0,0.78375
91,2,quotient_self_normalized,1024,2,1.055125
91,2,physical_rqmc,16384,4,10.3975
92,2,physical_rqmc,16384,0,10.088291
92,2,quotient_self_normalized,1024,2,1.170542
92,2,quotient_self_normalized,1024,4,0.953375
92,2,physical_rqmc,16384,4,9.9635
92,2,physical_rqmc,16384,3,10.810333
92,2,physical_rqmc,16384,1,10.21875
92,2,quotient_self_normalized,1024,0,1.087541
92,2,quotient_self_normalized,1024,1,0.9645
92,2,quotient_self_normalized,1024,3,0.929208
92,2,physical_rqmc,16384,2,10.63325
93,2,quotient_self_normalized,1024,4,0.91325
93,2,physical_rqmc,16384,4,10.310417
93,2,physical_rqmc,16384,2,10.240042
93,2,quotient_self_normalized,1024,0,1.033542
93,2,quotient_self_normalized,1024,1,0.917958
93,2,physical_rqmc,16384,1,11.225
93,2,quotient_self_normalized,1024,3,0.982958
93,2,quotient_self_normalized,1024,2,0.791041
93,2,physical_rqmc,16384,0,10.28225
93,2,physical_rqmc,16384,3,10.604417
94,2,physical_rqmc,65536,0,43.636583
94,2,quotient_self_normalized,1024,1,1.174292
94,2,quotient_self_normalized,1024,4,0.974666
94,2,physical_rqmc,65536,2,43.748417
94,2,physical_rqmc,65536,3,44.012792
94,2,quotient_self_normalized,1024,0,1.094333
94,2,quotient_self_normalized,1024,2,1.00125
94,2,quotient_self_normalized,1024,3,0.934167
94,2,physical_rqmc,65536,1,45.148375
94,2,physical_rqmc,65536,4,44.541625
95,2,quotient_self_normalized,1024,3,0.897167
95,2,physical_rqmc,16384,2,10.287375
95,2,quotient_self_normalized,1024,1,0.990791
95,2,physical_rqmc,16384,4,10.993209
95,2,physical_rqmc,16384,0,9.8025
95,2,physical_rqmc,16384,1,10.142583
95,2,quotient_self_normalized,1024,4,1.062
95,2,quotient_self_normalized,1024,0,0.783292
95,2,physical_rqmc,16384,3,10.476875
95,2,quotient_self_normalized,1024,2,1.125875
96,2,physical_rqmc,1024,1,1.018083
96,2,quotient_self_normalized,1024,2,1.089
96,2,physical_rqmc,1024,0,1.062375
96,2,physical_rqmc,1024,4,1.003375
96,2,quotient_self_normalized,1024,1,1.054208
96,2,quotient_self_normalized,1024,4,1.037583
96,2,quotient_self_normalized,1024,0,1.008541
96,2,physical_rqmc,1024,3,0.988667
96,2,quotient_self_normalized,1024,3,1.010125
96,2,physical_rqmc,1024,2,1.074666
97,2,quotient_self_normalized,1024,2,1.032708
97,2,quotient_self_normalized,1024,1,1.074708
97,2,physical_rqmc,1024,2,1.044625
97,2,physical_rqmc,1024,3,0.978834
97,2,quotient_self_normalized,1024,4,1.036875
97,2,physical_rqmc,1024,0,1.054
97,2,quotient_self_normalized,1024,0,1.081166
97,2,quotient_self_normalized,1024,3,1.084041
97,2,physical_rqmc,1024,1,1.074667
97,2,physical_rqmc,1024,4,1.08425
98,2,quotient_self_normalized,1024,3,1.040917
98,2,quotient_self_normalized,1024,4,1.077792
98,2,physical_rqmc,1024,3,1.034959
98,2,physical_rqmc,1024,2,0.996875
98,2,quotient_self_normalized,1024,0,1.009041
98,2,quotient_self_normalized,1024,1,1.07875
98,2,quotient_self_normalized,1024,2,1.023542
98,2,physical_rqmc,1024,1,0.996958
98,2,physical_rqmc,1024,4,0.982792
98,2,physical_rqmc,1024,0,1.034667
99,2,quotient_self_normalized,1024,0,1.198041
99,2,quotient_self_normalized,1024,3,1.099667
99,2,physical_rqmc,1024,2,1.079125
99,2,quotient_self_normalized,1024,4,1.036125
99,2,physical_rqmc,1024,3,1.068916
99,2,physical_rqmc,1024,0,1.082042
99,2,physical_rqmc,1024,4,1.037625
99,2,quotient_self_normalized,1024,1,1.049458
99,2,physical_rqmc,1024,1,0.974291
99,2,quotient_self_normalized,1024,2,1.094792
100,2,quotient_self_normalized,1024,1,1.002042
100,2,quotient_self_normalized,1024,4,1.042875
100,2,quotient_self_normalized,1024,0,1.10075
100,2,physical_rqmc,1024,2,1.042625
100,2,quotient_self_normalized,1024,3,1.08925
100,2,physical_rqmc,1024,1,1.113875
100,2,physical_rqmc,1024,4,1.39925
100,2,physical_rqmc,1024,0,1.033583
100,2,quotient_self_normalized,1024,2,1.048666
100,2,physical_rqmc,1024,3,0.990125
101,2,quotient_self_normalized,1024,2,1.066833
101,2,physical_rqmc,1024,0,1.066833
101,2,physical_rqmc,1024,1,1.014
101,2,physical_rqmc,1024,4,1.044
101,2,quotient_self_normalized,1024,0,1.093666
101,2,quotient_self_normalized,1024,3,1.201166
101,2,physical_rqmc,1024,3,1.154834
101,2,physical_rqmc,1024,2,1.531333
101,2,quotient_self_normalized,1024,4,1.016125
101,2,quotient_self_normalized,1024,1,0.883958
102,2,physical_rqmc,1024,2,1.01175
102,2,physical_rqmc,1024,0,1.016333
102,2,physical_rqmc,1024,3,1.044791
102,2,quotient_self_normalized,1024,4,1.163708
102,2,quotient_self_normalized,1024,2,1.11625
102,2,quotient_self_normalized,1024,1,0.99875
102,2,quotient_self_normalized,1024,0,1.047292
102,2,quotient_self_normalized,1024,3,1.12175
102,2,physical_rqmc,1024,1,1.057542
102,2,physical_rqmc,1024,4,0.993167
103,2,quotient_self_normalized,1024,4,1.087583
103,2,quotient_self_normalized,1024,0,1.030708
103,2,quotient_self_normalized,1024,3,1.03375
103,2,physical_rqmc,1024,4,1.042291
103,2,physical_rqmc,1024,0,1.107417
103,2,physical_rqmc,1024,3,1.001125
103,2,quotient_self_normalized,1024,2,1.081417
103,2,physical_rqmc,1024,1,1.062792
103,2,quotient_self_normalized,1024,1,1.092916
103,2,physical_rqmc,1024,2,0.99525
104,2,quotient_self_normalized,1024,2,0.9805
104,2,physical_rqmc,1024,3,0.964375
104,2,quotient_self_normalized,1024,0,0.989625
104,2,physical_rqmc,1024,2,0.884333
104,2,physical_rqmc,1024,4,0.893416
104,2,quotient_self_normalized,1024,4,0.930792
104,2,physical_rqmc,1024,0,0.921791
104,2,quotient_self_normalized,1024,3,0.944125
104,2,quotient_self_normalized,1024,1,0.930208
104,2,physical_rqmc,1024,1,0.941084
105,2,quotient_self_normalized,1024,3,0.917125
105,2,physical_rqmc,1024,3,0.949708
105,2,quotient_self_normalized,1024,0,0.975125
105,2,physical_rqmc,1024,0,0.869167
105,2,quotient_self_normalized,1024,1,0.893083
105,2,physical_rqmc,1024,4,0.888416
105,2,quotient_self_normalized,1024,2,0.95575
105,2,quotient_self_normalized,1024,4,0.921459
105,2,physical_rqmc,1024,1,0.866667
105,2,physical_rqmc,1024,2,0.886958
106,2,quotient_self_normalized,1024,4,0.918458
106,2,quotient_self_normalized,1024,2,0.911334
106,2,quotient_self_normalized,1024,3,0.984375
106,2,physical_rqmc,1024,1,0.930417
106,2,physical_rqmc,1024,2,0.879708
106,2,physical_rqmc,1024,3,0.870291
106,2,quotient_self_normalized,1024,1,0.955417
106,2,physical_rqmc,1024,4,0.968959
106,2,quotient_self_normalized,1024,0,0.962541
106,2,physical_rqmc,1024,0,0.874125
107,2,quotient_self_normalized,1024,0,0.916208
107,2,physical_rqmc,1024,2,0.928792
107,2,physical_rqmc,1024,3,0.959625
107,2,physical_rqmc,1024,0,0.90325
107,2,quotient_self_normalized,1024,2,0.922375
107,2,physical_rqmc,1024,4,0.871458
107,2,quotient_self_normalized,1024,3,0.961458
107,2,physical_rqmc,1024,1,0.891209
107,2,quotient_self_normalized,1024,4,0.940625
107,2,quotient_self_normalized,1024,1,0.93575
108,2,physical_rqmc,1024,4,0.9205
108,2,quotient_self_normalized,1024,3,0.957417
108,2,physical_rqmc,1024,0,0.868625
108,2,physical_rqmc,1024,3,0.865834
108,2,physical_rqmc,1024,2,0.875541
108,2,quotient_self_normalized,1024,4,0.933
108,2,quotient_self_normalized,1024,2,0.958416
108,2,quotient_self_normalized,1024,0,0.955833
108,2,physical_rqmc,1024,1,0.876542
108,2,quotient_self_normalized,1024,1,0.906833
109,2,physical_rqmc,1024,2,0.891
109,2,quotient_self_normalized,1024,0,0.955
109,2,physical_rqmc,1024,1,0.885084
109,2,quotient_self_normalized,1024,2,0.945917
109,2,physical_rqmc,1024,4,0.925666
109,2,quotient_self_normalized,1024,1,0.955666
109,2,quotient_self_normalized,1024,4,0.914041
109,2,physical_rqmc,1024,3,0.930334
109,2,physical_rqmc,1024,0,0.913917
109,2,quotient_self_normalized,1024,3,0.943292
110,2,quotient_self_normalized,1024,3,0.913375
110,2,physical_rqmc,1024,0,0.9265
110,2,physical_rqmc,1024,4,0.889125
110,2,physical_rqmc,1024,2,0.87125
110,2,quotient_self_normalized,1024,2,0.922791
110,2,physical_rqmc,1024,3,0.921333
110,2,quotient_self_normalized,1024,0,0.993625
110,2,quotient_self_normalized,1024,4,0.906416
110,2,quotient_self_normalized,1024,1,0.912625
110,2,physical_rqmc,1024,1,0.867083
111,2,quotient_self_normalized,1024,0,0.921125
111,2,quotient_self_normalized,1024,1,0.955084
111,2,quotient_self_normalized,1024,2,0.955125
111,2,physical_rqmc,1024,0,0.921833
111,2,physical_rqmc,1024,2,0.864583
111,2,physical_rqmc,1024,4,0.856209
111,2,quotient_self_normalized,1024,4,0.898708
111,2,quotient_self_normalized,1024,3,0.954833
111,2,physical_rqmc,1024,1,0.92
111,2,physical_rqmc,1024,3,0.927
112,2,physical_rqmc,1024,2,0.936833
112,2,quotient_self_normalized,1024,2,1.284084
112,2,quotient_self_normalized,1024,1,0.909542
112,2,quotient_self_normalized,1024,3,1.044625
112,2,physical_rqmc,1024,0,0.980542
112,2,quotient_self_normalized,1024,4,1.0235
112,2,quotient_self_normalized,1024,0,1.008208
112,2,physical_rqmc,1024,4,0.974625
112,2,physical_rqmc,1024,1,0.984459
112,2,physical_rqmc,1024,3,0.993834
113,2,quotient_self_normalized,1024,2,1.009084
113,2,physical_rqmc,1024,2,0.972083
113,2,physical_rqmc,1024,1,1.011125
113,2,quotient_self_normalized,1024,1,1.080208
113,2,physical_rqmc,1024,0,1.000208
113,2,quotient_self_normalized,1024,3,1.024041
113,2,physical_rqmc,1024,3,1.035875
113,2,quotient_self_normalized,1024,0,1.164042
113,2,quotient_self_normalized,1024,4,1.062125
113,2,physical_rqmc,1024,4,0.993625
114,2,physical_rqmc,1024,1,0.970708
114,2,quotient_self_normalized,1024,0,0.999167
114,2,quotient_self_normalized,1024,2,1.050834
114,2,quotient_self_normalized,1024,3,1.038708
114,2,quotient_self_normalized,1024,4,1.091875
114,2,physical_rqmc,1024,3,0.978542
114,2,physical_rqmc,1024,2,1.107166
114,2,physical_rqmc,1024,0,1.041916
114,2,physical_rqmc,1024,4,1.027292
114,2,quotient_self_normalized,1024,1,1.012125
115,2,quotient_self_normalized,1024,0,1.020291
115,2,quotient_self_normalized,1024,3,1.002792
115,2,physical_rqmc,1024,3,1.026875
115,2,physical_rqmc,1024,0,1.042166
115,2,quotient_self_normalized,1024,4,1.095834
115,2,quotient_self_normalized,1024,2,1.12025
115,2,physical_rqmc,1024,4,1.008833
115,2,physical_rqmc,1024,2,0.999667
115,2,quotient_self_normalized,1024,1,1.091292
115,2,physical_rqmc,1024,1,0.977708
116,2,quotient_self_normalized,1024,1,1.060625
116,2,physical_rqmc,1024,2,1.010292
116,2,physical_rqmc,1024,4,0.977875
116,2,physical_rqmc,1024,0,1.020208
116,2,physical_rqmc,1024,3,0.983875
116,2,physical_rqmc,1024,1,0.972625
116,2,quotient_self_normalized,1024,4,1.080042
116,2,quotient_self_normalized,1024,3,1.034833
116,2,quotient_self_normalized,1024,0,0.99675
116,2,quotient_self_normalized,1024,2,1.035
117,2,quotient_self_normalized,1024,0,1.069041
117,2,quotient_self_normalized,1024,4,1.056667
117,2,quotient_self_normalized,1024,1,1.022292
117,2,physical_rqmc,1024,0,0.99975
117,2,physical_rqmc,1024,2,1.0115
117,2,physical_rqmc,1024,1,1.02675
117,2,physical_rqmc,1024,4,1.0125
117,2,physical_rqmc,1024,3,1.011541
117,2,quotient_self_normalized,1024,2,1.066917
117,2,quotient_self_normalized,1024,3,0.994625
118,2,quotient_self_normalized,1024,4,1.025792
118,2,quotient_self_normalized,1024,1,1.001084
118,2,physical_rqmc,1024,2,1.029167
118,2,quotient_self_normalized,1024,2,1.060167
118,2,physical_rqmc,1024,0,1.009
118,2,physical_rqmc,1024,3,0.975292
118,2,physical_rqmc,1024,4,0.96025
118,2,quotient_self_normalized,1024,0,1.0945
118,2,quotient_self_normalized,1024,3,1.010208
118,2,physical_rqmc,1024,1,0.974583
119,2,quotient_self_normalized,1024,3,1.05225
119,2,quotient_self_normalized,1024,2,1.003291
119,2,physical_rqmc,1024,4,0.975125
119,2,physical_rqmc,1024,0,1.014041
119,2,quotient_self_normalized,1024,4,1.10075
119,2,quotient_self_normalized,1024,0,1.074583
119,2,quotient_self_normalized,1024,1,1.035625
119,2,physical_rqmc,1024,2,1.066833
119,2,physical_rqmc,1024,3,1.026333
119,2,physical_rqmc,1024,1,1.025417
120,2,quotient_self_normalized,1024,4,1.071792
120,2,physical_rqmc,1024,3,1.041458
120,2,physical_rqmc,1024,1,1.017583
120,2,physical_rqmc,1024,2,0.972875
120,2,quotient_self_normalized,1024,0,1.075708
120,2,quotient_self_normalized,1024,2,1.014166
120,2,physical_rqmc,1024,4,0.962959
120,2,quotient_self_normalized,1024,1,1.008291
120,2,physical_rqmc,1024,0,1.015083
120,2,quotient_self_normalized,1024,3,1.066375
121,2,physical_rqmc,1024,1,0.981959
121,2,quotient_self_normalized,1024,0,1.070167
121,2,physical_rqmc,1024,4,0.975958
121,2,physical_rqmc,1024,2,0.968541
121,2,quotient_self_normalized,1024,1,1.01775
121,2,physical_rqmc,1024,0,1.043834
121,2,quotient_self_normalized,1024,2,1.05325
121,2,quotient_self_normalized,1024,3,1.019416
121,2,quotient_self_normalized,1024,4,1.057833
121,2,physical_rqmc,1024,3,0.993584
122,2,quotient_self_normalized,1024,4,1.047625
122,2,quotient_self_normalized,1024,2,1.058708
122,2,physical_rqmc,1024,1,1.046875
122,2,physical_rqmc,1024,3,0.966291
122,2,physical_rqmc,1024,4,0.9735
122,2,physical_rqmc,1024,2,1.021041
122,2,quotient_self_normalized,1024,3,1.06975
122,2,physical_rqmc,1024,0,0.969333
122,2,quotient_self_normalized,1024,0,1.097959
122,2,quotient_self_normalized,1024,1,1.060458
123,2,physical_rqmc,1024,3,1.020542
123,2,physical_rqmc,1024,2,0.978625
123,2,quotient_self_normalized,1024,3,1.178916
123,2,quotient_self_normalized,1024,1,1.038791
123,2,quotient_self_normalized,1024,0,1.038375
123,2,quotient_self_normalized,1024,2,1.070292
123,2,quotient_self_normalized,1024,4,1.051
123,2,physical_rqmc,1024,1,1.024459
123,2,physical_rqmc,1024,0,0.971125
123,2,physical_rqmc,1024,4,1.010417
124,2,physical_rqmc,1024,1,1.0305
124,2,physical_rqmc,1024,4,1.023916
124,2,physical_rqmc,1024,0,0.961042
124,2,quotient_self_normalized,1024,2,1.08475
124,2,physical_rqmc,1024,3,1.080416
124,2,physical_rqmc,1024,2,1.039292
124,2,quotient_self_normalized,1024,0,1.035292
124,2,quotient_self_normalized,1024,1,1.016
124,2,quotient_self_normalized,1024,4,1.007667
124,2,quotient_self_normalized,1024,3,1.0505
125,2,physical_rqmc,1024,4,0.996292
125,2,physical_rqmc,1024,3,0.977167
125,2,quotient_self_normalized,1024,2,1.072417
125,2,physical_rqmc,1024,2,0.997792
125,2,physical_rqmc,1024,0,1.023917
125,2,quotient_self_normalized,1024,0,1.022459
125,2,quotient_self_normalized,1024,3,1.060667
125,2,physical_rqmc,1024,1,1.032125
125,2,quotient_self_normalized,1024,4,1.000459
125,2,quotient_self_normalized,1024,1,1.044
126,2,physical_rqmc,1024,3,1.019625
126,2,physical_rqmc,1024,2,1.0215
126,2,quotient_self_normalized,1024,1,1.049958
126,2,quotient_self_normalized,1024,3,1.093292
126,2,physical_rqmc,1024,0,1.029667
126,2,physical_rqmc,1024,4,0.988209
126,2,quotient_self_normalized,1024,4,0.998708
126,2,physical_rqmc,1024,1,1.046042
126,2,quotient_self_normalized,1024,0,1.057583
126,2,quotient_self_normalized,1024,2,1.56225
127,2,physical_rqmc,1024,0,1.011709
127,2,physical_rqmc,1024,4,1.06
127,2,quotient_self_normalized,1024,4,1.090416
127,2,physical_rqmc,1024,1,1.045875
127,2,quotient_self_normalized,1024,3,1.094625
127,2,physical_rqmc,1024,3,1.051625
127,2,quotient_self_normalized,1024,0,1.095125
127,2,quotient_self_normalized,1024,1,1.078792
127,2,physical_rqmc,1024,2,1.037625
127,2,quotient_self_normalized,1024,2,1.074708
128,2,quotient_self_normalized,1024,1,1.154541
128,2,quotient_self_normalized,1024,0,1.094792
128,2,physical_rqmc,1024,1,1.036542
128,2,quotient_self_normalized,1024,2,1.059458
128,2,quotient_self_normalized,1024,3,1.058042
128,2,physical_rqmc,1024,3,1.040833
128,2,physical_rqmc,1024,4,1.036625
128,2,physical_rqmc,1024,2,1.027292
128,2,quotient_self_normalized,1024,4,1.064875
128,2,physical_rqmc,1024,0,1.028541
129,2,quotient_self_normalized,1024,1,1.063291
129,2,physical_rqmc,1024,4,1.129958
129,2,physical_rqmc,1024,2,1.057292
129,2,quotient_self_normalized,1024,4,1.059958
129,2,physical_rqmc,1024,0,1.034125
129,2,physical_rqmc,1024,1,1.036666
129,2,physical_rqmc,1024,3,1.015708
129,2,quotient_self_normalized,1024,2,1.061208
129,2,quotient_self_normalized,1024,3,1.0655
129,2,quotient_self_normalized,1024,0,1.061959
130,2,quotient_self_normalized,1024,4,1.108166
130,2,physical_rqmc,1024,4,1.039083
130,2,quotient_self_normalized,1024,0,1.079875
130,2,quotient_self_normalized,1024,2,1.073167
130,2,quotient_self_normalized,1024,1,1.1085
130,2,physical_rqmc,1024,3,1.02825
130,2,physical_rqmc,1024,0,1.030333
130,2,quotient_self_normalized,1024,3,1.061625
130,2,physical_rqmc,1024,2,1.032375
130,2,physical_rqmc,1024,1,1.028375
131,2,physical_rqmc,1024,2,1.034292
131,2,physical_rqmc,1024,3,1.028291
131,2,quotient_self_normalized,1024,4,1.062667
131,2,physical_rqmc,1024,1,1.019083
131,2,physical_rqmc,1024,4,1.011791
131,2,quotient_self_normalized,1024,1,1.070959
131,2,quotient_self_normalized,1024,2,1.107125
131,2,quotient_self_normalized,1024,0,1.139291
131,2,quotient_self_normalized,1024,3,1.067083
131,2,physical_rqmc,1024,0,1.023459
132,2,physical_rqmc,1024,0,1.036
132,2,physical_rqmc,1024,3,1.023167
132,2,quotient_self_normalized,1024,0,1.084583
132,2,quotient_self_normalized,1024,4,1.056708
132,2,quotient_self_normalized,1024,3,1.058709
132,2,quotient_self_normalized,1024,2,1.060083
132,2,quotient_self_normalized,1024,1,1.089041
132,2,physical_rqmc,1024,4,1.037375
132,2,physical_rqmc,1024,2,1.023667
132,2,physical_rqmc,1024,1,1.085833
133,2,physical_rqmc,1024,1,1.025417
133,2,physical_rqmc,1024,2,1.04
133,2,quotient_self_normalized,1024,2,1.077333
133,2,quotient_self_normalized,1024,4,1.056209
133,2,physical_rqmc,1024,4,1.039875
133,2,physical_rqmc,1024,3,1.016375
133,2,quotient_self_normalized,1024,1,1.056875
133,2,quotient_self_normalized,1024,3,1.053625
133,2,quotient_self_normalized,1024,0,1.049875
133,2,physical_rqmc,1024,0,1.026625
134,2,quotient_self_normalized,1024,3,1.075375
134,2,physical_rqmc,1024,2,1.036
134,2,quotient_self_normalized,1024,2,1.066666
134,2,physical_rqmc,1024,0,1.020875
134,2,quotient_self_normalized,1024,4,1.069792
134,2,quotient_self_normalized,1024,0,1.077
134,2,physical_rqmc,1024,1,1.040916
134,2,physical_rqmc,1024,3,1.09875
134,2,physical_rqmc,1024,4,1.101666
134,2,quotient_self_normalized,1024,1,1.13625
135,2,physical_rqmc,1024,3,1.071459
135,2,quotient_self_normalized,1024,2,1.07925
135,2,physical_rqmc,1024,4,1.02425
135,2,quotient_self_normalized,1024,4,1.066333
135,2,physical_rqmc,1024,1,1.021875
135,2,quotient_self_normalized,1024,0,1.058167
135,2,quotient_self_normalized,1024,1,1.094583
135,2,physical_rqmc,1024,2,1.031834
135,2,physical_rqmc,1024,0,1.040583
135,2,quotient_self_normalized,1024,3,1.083375
136,2,physical_rqmc,1024,4,1.024625
136,2,quotient_self_normalized,1024,4,1.072125
136,2,quotient_self_normalized,1024,2,1.104709
136,2,physical_rqmc,1024,2,1.065375
136,2,physical_rqmc,1024,1,1.100208
136,2,quotient_self_normalized,1024,0,1.069209
136,2,quotient_self_normalized,1024,3,1.048417
136,2,physical_rqmc,1024,3,1.020833
136,2,physical_rqmc,1024,0,1.009709
136,2,quotient_self_normalized,1024,1,1.074292
137,2,physical_rqmc,1024,4,1.023291
137,2,physical_rqmc,1024,1,1.016791
137,2,physical_rqmc,1024,0,1.036875
137,2,physical_rqmc,1024,3,1.024416
137,2,quotient_self_normalized,1024,4,1.067959
137,2,quotient_self_normalized,1024,3,1.120833
137,2,physical_rqmc,1024,2,1.1295
137,2,quotient_self_normalized,1024,1,1.088333
137,2,quotient_self_normalized,1024,2,1.0545
137,2,quotient_self_normalized,1024,0,1.056667
138,2,physical_rqmc,4096,2,2.843833
138,2,physical_rqmc,4096,3,2.828375
138,2,quotient_self_normalized,1024,1,1.14325
138,2,physical_rqmc,4096,0,3.045792
138,2,physical_rqmc,4096,1,2.891834
138,2,quotient_self_normalized,1024,4,1.078292
138,2,quotient_self_normalized,1024,2,1.080625
138,2,physical_rqmc,4096,4,2.852167
138,2,quotient_self_normalized,1024,3,1.068042
138,2,quotient_self_normalized,1024,0,1.059792
139,2,physical_rqmc,1024,3,1.028625
139,2,physical_rqmc,1024,0,1.020209
139,2,physical_rqmc,1024,2,1.02025
139,2,quotient_self_normalized,1024,0,1.071584
139,2,quotient_self_normalized,1024,1,1.063042
139,2,quotient_self_normalized,1024,2,1.170833
139,2,quotient_self_normalized,1024,3,1.117125
139,2,quotient_self_normalized,1024,4,1.068458
139,2,physical_rqmc,1024,4,1.028416
139,2,physical_rqmc,1024,1,1.012
140,2,quotient_self_normalized,1024,3,1.065542
140,2,physical_rqmc,1024,1,1.040833
140,2,physical_rqmc,1024,2,1.027625
140,2,physical_rqmc,1024,3,1.016667
140,2,quotient_self_normalized,1024,4,1.10225
140,2,quotient_self_normalized,1024,2,1.128875
140,2,physical_rqmc,1024,0,1.032334
140,2,quotient_self_normalized,1024,0,1.055625
140,2,quotient_self_normalized,1024,1,1.055208
140,2,physical_rqmc,1024,4,1.043958
141,2,quotient_self_normalized,1024,1,1.060166
141,2,physical_rqmc,1024,1,1.228042
141,2,physical_rqmc,1024,0,1.05925
141,2,quotient_self_normalized,1024,3,1.103
141,2,quotient_self_normalized,1024,4,1.067209
141,2,quotient_self_normalized,1024,2,1.080708
141,2,physical_rqmc,1024,3,1.026625
141,2,physical_rqmc,1024,2,1.013625
141,2,quotient_self_normalized,1024,0,1.054625
141,2,physical_rqmc,1024,4,1.019667
142,2,quotient_self_normalized,1024,2,1.060375
142,2,quotient_self_normalized,1024,0,1.0595
142,2,physical_rqmc,1024,1,1.044208
142,2,physical_rqmc,1024,2,1.031125
142,2,physical_rqmc,1024,3,1.015041
142,2,physical_rqmc,1024,0,1.011666
142,2,physical_rqmc,1024,4,1.016875
142,2,quotient_self_normalized,1024,3,1.068959
142,2,quotient_self_normalized,1024,1,1.055625
142,2,quotient_self_normalized,1024,4,1.1015
143,2,quotient_self_normalized,1024,1,1.058667
143,2,physical_rqmc,1024,3,1.0275
143,2,physical_rqmc,1024,0,1.023458
143,2,physical_rqmc,1024,1,1.021458
143,2,quotient_self_normalized,1024,3,1.053625
143,2,quotient_self_normalized,1024,4,1.054
143,2,quotient_self_normalized,1024,0,1.053875
143,2,physical_rqmc,1024,2,1.012666
143,2,physical_rqmc,1024,4,1.016417
143,2,quotient_self_normalized,1024,2,1.055083
144,2,quotient_self_normalized,1024,3,0.829458
144,2,physical_rqmc,16384,2,10.602417
144,2,physical_rqmc,16384,1,10.405834
144,2,physical_rqmc,16384,4,10.68275
144,2,quotient_self_normalized,1024,1,1.052792
144,2,quotient_self_normalized,1024,4,0.842833
144,2,physical_rqmc,16384,0,10.516
144,2,physical_rqmc,16384,3,10.320875
144,2,quotient_self_normalized,1024,0,1.03825
144,2,quotient_self_normalized,1024,2,0.893166
145,2,physical_rqmc,4096,0,2.824541
145,2,physical_rqmc,4096,3,2.858417
145,2,quotient_self_normalized,1024,4,1.075083
145,2,physical_rqmc,4096,1,2.892625
145,2,quotient_self_normalized,1024,0,1.07225
145,2,quotient_self_normalized,1024,2,1.064959
145,2,quotient_self_normalized,1024,3,1.119542
145,2,physical_rqmc,4096,4,2.978791
145,2,quotient_self_normalized,1024,1,1.095042
145,2,physical_rqmc,4096,2,2.85975
146,2,quotient_self_normalized,1024,3,1.099375
146,2,physical_rqmc,1024,4,1.101125
146,2,physical_rqmc,1024,0,1.558291
146,2,quotient_self_normalized,1024,1,1.066709
146,2,quotient_self_normalized,1024,4,0.987
146,2,physical_rqmc,1024,2,1.047583
146,2,quotient_self_normalized,1024,0,1.009333
146,2,physical_rqmc,1024,1,0.964
146,2,quotient_self_normalized,1024,2,1.004791
146,2,physical_rqmc,1024,3,1.002458
147,2,quotient_self_normalized,1024,0,1.073
147,2,physical_rqmc,4096,0,2.978625
147,2,quotient_self_normalized,1024,4,1.107
147,2,quotient_self_normalized,1024,3,1.138458
147,2,physical_rqmc,4096,1,3.450084
147,2,physical_rqmc,4096,4,3.148041
147,2,physical_rqmc,4096,3,2.953333
147,2,quotient_self_normalized,1024,2,1.119583
147,2,quotient_self_normalized,1024,1,1.123625
147,2,physical_rqmc,4096,2,3.79675
148,2,quotient_self_normalized,1024,3,1.001917
148,2,physical_rqmc,4096,4,3.114625
148,2,physical_rqmc,4096,3,3.035583
148,2,quotient_self_normalized,1024,4,1.106042
148,2,physical_rqmc,4096,0,2.847625
148,2,quotient_self_normalized,1024,1,1.138292
148,2,quotient_self_normalized,1024,2,1.136041
148,2,physical_rqmc,4096,2,3.165375
148,2,physical_rqmc,4096,1,3.467125
148,2,quotient_self_normalized,1024,0,0.935708
149,2,quotient_self_normalized,1024,3,0.884291
149,2,physical_rqmc,16384,3,10.01175
149,2,quotient_self_normalized,1024,1,0.9225
149,2,physical_rqmc,16384,2,11.453291
149,2,quotient_self_normalized,1024,4,1.22525
149,2,physical_rqmc,16384,1,11.474666
149,2,physical_rqmc,16384,0,11.777958
149,2,physical_rqmc,16384,4,10.443834
149,2,quotient_self_normalized,1024,0,1.078667
149,2,quotient_self_normalized,1024,2,1.102
150,2,physical_rqmc,16384,3,10.799292
150,2,quotient_self_normalized,1024,4,0.964125
150,2,quotient_self_normalized,1024,2,0.931042
150,2,physical_rqmc,16384,1,11.336958
150,2,quotient_self_normalized,1024,3,1.1385
150,2,physical_rqmc,16384,0,10.797334
150,2,quotient_self_normalized,1024,1,1.113709
150,2,quotient_self_normalized,1024,0,0.891292
150,2,physical_rqmc,16384,4,11.2915
150,2,physical_rqmc,16384,2,10.076833
151,2,quotient_self_normalized,1024,2,0.976291
151,2,physical_rqmc,4096,1,2.496667
151,2,physical_rqmc,4096,2,3.424125
151,2,physical_rqmc,4096,0,3.12475
151,2,quotient_self_normalized,1024,0,0.888708
151,2,quotient_self_normalized,1024,4,0.931292
151,2,quotient_self_normalized,1024,3,1.112458
151,2,physical_rqmc,4096,4,2.954667
151,2,quotient_self_normalized,1024,1,1.091125
151,2,physical_rqmc,4096,3,3.271959
152,2,quotient_self_normalized,1024,2,1.130084
152,2,physical_rqmc,4096,2,3.281042
152,2,physical_rqmc,4096,4,3.160709
152,2,physical_rqmc,4096,1,2.958459
152,2,quotient_self_normalized,1024,3,1.096666
152,2,physical_rqmc,4096,0,2.980417
152,2,quotient_self_normalized,1024,4,1.120959
152,2,physical_rqmc,4096,3,3.174833
152,2,quotient_self_normalized,1024,0,1.160042
152,2,quotient_self_normalized,1024,1,1.606792
153,2,quotient_self_normalized,1024,2,1.016417
153,2,quotient_self_normalized,1024,4,0.998791
153,2,quotient_self_normalized,1024,3,1.006084
153,2,physical_rqmc,4096,2,3.814875
153,2,quotient_self_normalized,1024,0,1.577083
153,2,physical_rqmc,4096,3,3.250834
153,2,physical_rqmc,4096,0,2.898125
153,2,physical_rqmc,4096,1,2.865875
153,2,quotient_self_normalized,1024,1,1.058666
153,2,physical_rqmc,4096,4,2.753
154,2,quotient_self_normalized,1024,3,0.952583
154,2,physical_rqmc,16384,1,11.385417
154,2,quotient_self_normalized,1024,1,1.194625
154,2,physical_rqmc,16384,0,10.756125
154,2,physical_rqmc,16384,3,10.864958
154,2,physical_rqmc,16384,4,11.240208
154,2,quotient_self_normalized,1024,2,1.019833
154,2,physical_rqmc,16384,2,10.922584
154,2,quotient_self_normalized,1024,4,1.01475
154,2,quotient_self_normalized,1024,0,1.092625
155,2,quotient_self_normalized,1024,0,1.120541
155,2,quotient_self_normalized,1024,4,1.07975
155,2,physical_rqmc,4096,3,2.961375
155,2,physical_rqmc,4096,4,2.94025
155,2,quotient_self_normalized,1024,2,1.095208
155,2,physical_rqmc,4096,2,2.997917
155,2,quotient_self_normalized,1024,3,1.090833
155,2,quotient_self_normalized,1024,1,1.084917
155,2,physical_rqmc,4096,0,2.926416
155,2,physical_rqmc,4096,1,2.991958
156,2,quotient_self_normalized,1024,3,1.097541
156,2,quotient_self_normalized,1024,1,1.076166
156,2,quotient_self_normalized,1024,2,1.097458
156,2,physical_rqmc,4096,3,2.99425
156,2,physical_rqmc,4096,1,2.976084
156,2,physical_rqmc,4096,0,2.98475
156,2,physical_rqmc,4096,4,3.253917
156,2,physical_rqmc,4096,2,3.003958
156,2,quotient_self_normalized,1024,0,1.092833
156,2,quotient_self_normalized,1024,4,1.062125
157,2,physical_rqmc,4096,0,2.968916
157,2,quotient_self_normalized,1024,3,1.10575
157,2,quotient_self_normalized,1024,1,1.119417
157,2,physical_rqmc,4096,4,3.090625
157,2,physical_rqmc,4096,3,2.972333
157,2,quotient_self_normalized,1024,0,1.09125
157,2,physical_rqmc,4096,1,2.989791
157,2,physical_rqmc,4096,2,2.91375
157,2,quotient_self_normalized,1024,2,1.07075
157,2,quotient_self_normalized,1024,4,1.109666
158,2,physical_rqmc,4096,0,2.93125
158,2,quotient_self_normalized,1024,2,1.112041
158,2,quotient_self_normalized,1024,0,1.134792
158,2,physical_rqmc,4096,1,3.014917
158,2,physical_rqmc,4096,3,2.91475
158,2,quotient_self_normalized,1024,4,1.131209
158,2,quotient_self_normalized,1024,1,1.148291
158,2,quotient_self_normalized,1024,3,1.068916
158,2,physical_rqmc,4096,4,2.953125
158,2,physical_rqmc,4096,2,2.89725
159,2,physical_rqmc,16384,4,10.205792
159,2,physical_rqmc,16384,2,11.504375
159,2,quotient_self_normalized,1024,3,1.090875
159,2,physical_rqmc,16384,0,10.318583
159,2,physical_rqmc,16384,1,10.770375
159,2,physical_rqmc,16384,3,10.484
159,2,quotient_self_normalized,1024,0,1.050542
159,2,quotient_self_normalized,1024,2,0.906667
159,2,quotient_self_normalized,1024,4,0.884125
159,2,quotient_self_normalized,1024,1,1.097292
160,2,quotient_self_normalized,1024,0,1.113417
160,2,physical_rqmc,1024,3,0.821416
160,2,quotient_self_normalized,1024,3,0.956708
160,2,quotient_self_normalized,1024,1,0.932417
160,2,physical_rqmc,1024,4,0.879583
160,2,quotient_self_normalized,1024,2,0.92725
160,2,quotient_self_normalized,1024,4,0.903666
160,2,physical_rqmc,1024,2,0.892291
160,2,physical_rqmc,1024,0,0.879292
160,2,physical_rqmc,1024,1,0.883791
161,2,physical_rqmc,16384,3,9.982709
161,2,physical_rqmc,16384,2,10.441917
161,2,quotient_self_normalized,1024,4,0.997625
161,2,quotient_self_normalized,1024,3,0.908875
161,2,quotient_self_normalized,1024,0,0.820208
161,2,physical_rqmc,16384,4,10.247584
161,2,quotient_self_normalized,1024,2,0.984208
161,2,physical_rqmc,16384,0,11.102459
161,2,quotient_self_normalized,1024,1,1.244208
161,2,physical_rqmc,16384,1,10.277166
162,2,quotient_self_normalized,1024,3,0.857209
162,2,quotient_self_normalized,1024,4,1.093334
162,2,quotient_self_normalized,1024,2,1.0755
162,2,physical_rqmc,16384,3,10.878666
162,2,physical_rqmc,16384,4,10.499584
162,2,physical_rqmc,16384,2,10.808417
162,2,physical_rqmc,16384,0,10.717542
162,2,quotient_self_normalized,1024,1,1.028917
162,2,quotient_self_normalized,1024,0,0.822125
162,2,physical_rqmc,16384,1,10.487167
163,2,physical_rqmc,1024,1,1.071292
163,2,physical_rqmc,1024,3,1.02475
163,2,quotient_self_normalized,1024,1,1.079125
163,2,physical_rqmc,1024,0,1.041583
163,2,quotient_self_normalized,1024,2,1.067042
163,2,physical_rqmc,1024,2,1.013292
163,2,physical_rqmc,1024,4,1.018791
163,2,quotient_self_normalized,1024,3,1.063041
163,2,quotient_self_normalized,1024,0,1.053084
163,2,quotient_self_normalized,1024,4,1.052459
164,2,quotient_self_normalized,1024,2,0.84625
164,2,physical_rqmc,16384,1,10.594083
164,2,quotient_self_normalized,1024,4,1.038834
164,2,physical_rqmc,16384,2,10.773667
164,2,physical_rqmc,16384,3,11.748375
164,2,quotient_self_normalized,1024,3,1.096125
164,2,physical_rqmc,16384,4,10.723166
164,2,physical_rqmc,16384,0,11.088334
164,2,quotient_self_normalized,1024,1,0.9885
164,2,quotient_self_normalized,1024,0,1.085875
165,2,physical_rqmc,16384,1,10.546083
165,2,quotient_self_normalized,1024,1,0.978167
165,2,quotient_self_normalized,1024,0,1.069709
165,2,quotient_self_normalized,1024,2,1.063625
165,2,physical_rqmc,16384,0,10.586208
165,2,physical_rqmc,16384,4,10.632875
165,2,quotient_self_normalized,1024,3,0.974458
165,2,physical_rqmc,16384,2,11.08225
165,2,physical_rqmc,16384,3,10.680292
165,2,quotient_self_normalized,1024,4,1.086833
166,2,quotient_self_normalized,1024,2,1.076666
166,2,physical_rqmc,4096,0,2.818833
166,2,quotient_self_normalized,1024,0,1.064875
166,2,physical_rqmc,4096,2,2.927417
166,2,quotient_self_normalized,1024,4,1.132709
166,2,quotient_self_normalized,1024,3,1.133041
166,2,quotient_self_normalized,1024,1,1.061625
166,2,physical_rqmc,4096,1,2.839
166,2,physical_rqmc,4096,4,2.9165
166,2,physical_rqmc,4096,3,2.752833
167,2,quotient_self_normalized,1024,3,1.114625
167,2,physical_rqmc,1024,1,1.064958
167,2,physical_rqmc,1024,3,1.035084
167,2,quotient_self_normalized,1024,4,1.038917
167,2,physical_rqmc,1024,0,0.995083
167,2,physical_rqmc,1024,4,1.055417
167,2,quotient_self_normalized,1024,2,1.125875
167,2,quotient_self_normalized,1024,1,1.064083
167,2,physical_rqmc,1024,2,1.017375
167,2,quotient_self_normalized,1024,0,1.095333
168,2,physical_rqmc,1024,4,1.052875
168,2,physical_rqmc,1024,1,1.038375
168,2,quotient_self_normalized,1024,0,1.12175
168,2,quotient_self_normalized,1024,3,1.077542
168,2,quotient_self_normalized,1024,2,1.075792
168,2,physical_rqmc,1024,2,1.010834
168,2,quotient_self_normalized,1024,4,1.091083
168,2,quotient_self_normalized,1024,1,1.082459
168,2,physical_rqmc,1024,0,1.036375
168,2,physical_rqmc,1024,3,0.974334
169,2,physical_rqmc,4096,3,2.819459
169,2,quotient_self_normalized,1024,0,1.090875
169,2,physical_rqmc,4096,2,2.801458
169,2,quotient_self_normalized,1024,3,1.036167
169,2,quotient_self_normalized,1024,4,1.02575
169,2,physical_rqmc,4096,0,2.799917
169,2,physical_rqmc,4096,1,2.778792
169,2,quotient_self_normalized,1024,1,1.071917
169,2,physical_rqmc,4096,4,2.760416
169,2,quotient_self_normalized,1024,2,1.100042
170,2,quotient_self_normalized,1024,0,1.059875
170,2,physical_rqmc,4096,1,2.865375
170,2,physical_rqmc,4096,2,2.868333
170,2,quotient_self_normalized,1024,2,1.073583
170,2,physical_rqmc,4096,4,2.814042
170,2,physical_rqmc,4096,3,2.86925
170,2,quotient_self_normalized,1024,3,1.090125
170,2,physical_rqmc,4096,0,2.803292
170,2,quotient_self_normalized,1024,1,1.082542
170,2,quotient_self_normalized,1024,4,1.055791
171,2,quotient_self_normalized,1024,0,1.097958
171,2,quotient_self_normalized,1024,2,1.067625
171,2,physical_rqmc,4096,3,2.889041
171,2,quotient_self_normalized,1024,4,1.159292
171,2,physical_rqmc,4096,0,2.857792
171,2,physical_rqmc,4096,4,2.829667
171,2,physical_rqmc,4096,2,2.862375
171,2,quotient_self_normalized,1024,3,1.076666
171,2,physical_rqmc,4096,1,2.867458
171,2,quotient_self_normalized,1024,1,1.06625
172,2,physical_rqmc,4096,0,2.887042
172,2,quotient_self_normalized,1024,1,1.0905
172,2,physical_rqmc,4096,2,2.826625
172,2,physical_rqmc,4096,3,2.848958
172,2,quotient_self_normalized,1024,2,1.09225
172,2,physical_rqmc,4096,1,2.872459
172,2,physical_rqmc,4096,4,3.004583
172,2,quotient_self_normalized,1024,0,1.07425
172,2,quotient_self_normalized,1024,3,1.055167
172,2,quotient_self_normalized,1024,4,1.043708
173,2,physical_rqmc,4096,0,2.827375
173,2,physical_rqmc,4096,2,2.878542
173,2,physical_rqmc,4096,1,2.869917
173,2,physical_rqmc,4096,3,2.848542
173,2,quotient_self_normalized,1024,2,1.146292
173,2,quotient_self_normalized,1024,4,1.06675
173,2,quotient_self_normalized,1024,1,1.068791
173,2,physical_rqmc,4096,4,2.855916
173,2,quotient_self_normalized,1024,3,1.079459
173,2,quotient_self_normalized,1024,0,1.070667
174,2,quotient_self_normalized,1024,3,0.821417
174,2,physical_rqmc,16384,2,10.43825
174,2,physical_rqmc,16384,3,10.378333
174,2,quotient_self_normalized,1024,2,1.007708
174,2,physical_rqmc,16384,0,10.608458
174,2,physical_rqmc,16384,4,10.583042
174,2,quotient_self_normalized,1024,1,1.018375
174,2,quotient_self_normalized,1024,4,0.814417
174,2,quotient_self_normalized,1024,0,1.067292
174,2,physical_rqmc,16384,1,10.246042
175,2,physical_rqmc,16384,2,10.775791
175,2,quotient_self_normalized,1024,2,1.114916
175,2,physical_rqmc,16384,0,10.357417
175,2,quotient_self_normalized,1024,1,1.0745
175,2,physical_rqmc,16384,3,10.317625
175,2,quotient_self_normalized,1024,0,1.05775
175,2,physical_rqmc,16384,1,10.657083
175,2,physical_rqmc,16384,4,10.415208
175,2,quotient_self_normalized,1024,3,1.076333
175,2,quotient_self_normalized,1024,4,0.85025
176,2,physical_rqmc,16384,3,10.660958
176,2,physical_rqmc,16384,0,10.83025
176,2,quotient_self_normalized,1024,0,1.055833
176,2,quotient_self_normalized,1024,2,0.826958
176,2,quotient_self_normalized,1024,3,1.083917
176,2,physical_rqmc,16384,4,10.584458
176,2,physical_rqmc,16384,1,10.783458
176,2,quotient_self_normalized,1024,1,1.076125
176,2,quotient_self_normalized,1024,4,0.853958
176,2,physical_rqmc,16384,2,10.736625
177,2,quotient_self_normalized,1024,0,0.913375
177,2,physical_rqmc,65536,2,46.533958
177,2,physical_rqmc,65536,4,46.054541
177,2,quotient_self_normalized,1024,2,1.511042
177,2,quotient_self_normalized,1024,4,1.209458
177,2,physical_rqmc,65536,1,44.752416
177,2,quotient_self_normalized,1024,3,1.015417
177,2,quotient_self_normalized,1024,1,1.064375
177,2,physical_rqmc,65536,3,44.717792
177,2,physical_rqmc,65536,0,44.323875
178,2,physical_rqmc,16384,1,10.060542
178,2,physical_rqmc,16384,4,10.085291
178,2,quotient_self_normalized,1024,2,0.982375
178,2,quotient_self_normalized,1024,3,0.861542
178,2,physical_rqmc,16384,3,10.424791
178,2,physical_rqmc,16384,2,11.051375
178,2,quotient_self_normalized,1024,4,0.906125
178,2,quotient_self_normalized,1024,1,0.872209
178,2,physical_rqmc,16384,0,10.047375
178,2,quotient_self_normalized,1024,0,0.932666
179,2,physical_rqmc,16384,4,10.007625
179,2,physical_rqmc,16384,3,10.095625
179,2,quotient_self_normalized,1024,3,1.02975
179,2,physical_rqmc,16384,2,10.325791
179,2,quotient_self_normalized,1024,2,1.032667
179,2,physical_rqmc,16384,0,10.636875
179,2,physical_rqmc,16384,1,10.44425
179,2,quotient_self_normalized,1024,4,1.028458
179,2,quotient_self_normalized,1024,1,1.157292
179,2,quotient_self_normalized,1024,0,1.151416
180,2,quotient_self_normalized,1024,2,1.073125
180,2,quotient_self_normalized,1024,1,1.10725
180,2,physical_rqmc,16384,1,10.694333
180,2,physical_rqmc,16384,2,10.75425
180,2,quotient_self_normalized,1024,4,1.02225
180,2,physical_rqmc,16384,4,10.911917
180,2,physical_rqmc,16384,3,10.897916
180,2,quotient_self_normalized,1024,0,1.064375
180,2,quotient_self_normalized,1024,3,0.828625
180,2,physical_rqmc,16384,0,10.369542
181,2,physical_rqmc,4096,4,2.747292
181,2,quotient_self_normalized,1024,1,0.817584
181,2,physical_rqmc,4096,2,2.92075
181,2,physical_rqmc,4096,1,2.782375
181,2,quotient_self_normalized,1024,3,1.100792
181,2,quotient_self_normalized,1024,0,1.0395
181,2,quotient_self_normalized,1024,4,1.059334
181,2,quotient_self_normalized,1024,2,1.085292
181,2,physical_rqmc,4096,3,2.801375
181,2,physical_rqmc,4096,0,2.841458
182,2,physical_rqmc,16384,4,10.090292
182,2,physical_rqmc,16384,0,10.36925
182,2,physical_rqmc,16384,2,10.45
182,2,quotient_self_normalized,1024,3,1.024667
182,2,quotient_self_normalized,1024,4,0.798333
182,2,physical_rqmc,16384,3,10.356708
182,2,quotient_self_normalized,1024,2,0.976917
182,2,quotient_self_normalized,1024,1,0.784667
182,2,quotient_self_normalized,1024,0,1.109292
182,2,physical_rqmc,16384,1,10.592875
183,2,quotient_self_normalized,1024,1,1.129708
183,2,quotient_self_normalized,1024,4,0.975375
183,2,physical_rqmc,262144,0,179.04075
183,2,quotient_self_normalized,1024,0,1.164041
183,2,quotient_self_normalized,1024,3,0.95125
183,2,physical_rqmc,262144,1,180.999875
183,2,physical_rqmc,262144,3,181.105208
183,2,quotient_self_normalized,1024,2,1.216083
183,2,physical_rqmc,262144,4,175.366459
183,2,physical_rqmc,262144,2,174.865459
184,2,physical_rqmc,16384,0,10.045167
184,2,quotient_self_normalized,1024,4,0.987291
184,2,physical_rqmc,16384,3,10.077458
184,2,physical_rqmc,16384,1,10.392917
184,2,quotient_self_normalized,1024,0,0.990958
184,2,quotient_self_normalized,1024,3,0.780084
184,2,quotient_self_normalized,1024,2,1.082042
184,2,physical_rqmc,16384,4,9.962125
184,2,physical_rqmc,16384,2,10.177958
184,2,quotient_self_normalized,1024,1,0.962125
185,2,quotient_self_normalized,1024,4,0.796417
185,2,physical_rqmc,16384,3,10.073417
185,2,quotient_self_normalized,1024,2,0.988541
185,2,physical_rqmc,16384,4,13.348833
185,2,quotient_self_normalized,1024,1,1.603542
185,2,physical_rqmc,16384,0,11.766209
185,2,physical_rqmc,16384,1,13.162167
185,2,quotient_self_normalized,1024,0,1.274583
185,2,quotient_self_normalized,1024,3,1.096583
185,2,physical_rqmc,16384,2,10.89125
186,2,quotient_self_normalized,1024,2,0.854291
186,2,physical_rqmc,16384,1,12.065916
186,2,quotient_self_normalized,1024,4,1.019666
186,2,physical_rqmc,16384,4,10.056291
186,2,quotient_self_normalized,1024,0,0.978917
186,2,physical_rqmc,16384,3,10.164208
186,2,quotient_self_normalized,1024,3,1.118834
186,2,physical_rqmc,16384,0,10.542792
186,2,physical_rqmc,16384,2,10.691417
186,2,quotient_self_normalized,1024,1,1.031042
187,2,physical_rqmc,16384,0,10.338667
187,2,quotient_self_normalized,1024,1,1.043041
187,2,quotient_self_normalized,1024,3,0.820333
187,2,physical_rqmc,16384,1,10.365667
187,2,quotient_self_normalized,1024,4,1.044875
187,2,physical_rqmc,16384,3,10.392083
187,2,quotient_self_normalized,1024,0,1.030667
187,2,physical_rqmc,16384,4,10.184
187,2,quotient_self_normalized,1024,2,1.086292
187,2,physical_rqmc,16384,2,10.65925
188,2,quotient_self_normalized,1024,4,0.866584
188,2,quotient_self_normalized,1024,1,1.140875
188,2,quotient_self_normalized,1024,2,1.124125
188,2,physical_rqmc,16384,2,10.731417
188,2,physical_rqmc,16384,4,10.366417
188,2,physical_rqmc,16384,1,10.6795
188,2,physical_rqmc,16384,3,11.01875
188,2,physical_rqmc,16384,0,11.36475
188,2,quotient_self_normalized,1024,0,1.063209
188,2,quotient_self_normalized,1024,3,0.837917
189,2,quotient_self_normalized,1024,1,1.219458
189,2,quotient_self_normalized,1024,4,1.098208
189,2,physical_rqmc,65536,2,46.339
189,2,physical_rqmc,65536,3,44.937458
189,2,physical_rqmc,65536,4,44.760708
189,2,quotient_self_normalized,1024,3,1.15625
189,2,physical_rqmc,65536,1,45.396959
189,2,quotient_self_normalized,1024,0,0.997583
189,2,quotient_self_normalized,1024,2,1.058584
189,2,physical_rqmc,65536,0,46.426
190,2,physical_rqmc,16384,2,10.778583
190,2,quotient_self_normalized,1024,2,1.116833
190,2,quotient_self_normalized,1024,3,0.846208
190,2,physical_rqmc,16384,0,10.711541
190,2,physical_rqmc,16384,1,10.661417
190,2,quotient_self_normalized,1024,0,1.051458
190,2,quotient_self_normalized,1024,1,0.840458
190,2,physical_rqmc,16384,3,10.548625
190,2,quotient_self_normalized,1024,4,1.038042
190,2,physical_rqmc,16384,4,10.214209
191,2,physical_rqmc,16384,4,11.389042
191,2,physical_rqmc,16384,1,10.814916
191,2,physical_rqmc,16384,3,10.521209
191,2,quotient_self_normalized,1024,1,1.002875
191,2,physical_rqmc,16384,0,10.546791
191,2,quotient_self_normalized,1024,0,1.001209
191,2,physical_rqmc,16384,2,10.703875
191,2,quotient_self_normalized,1024,2,1.004083
191,2,quotient_self_normalized,1024,4,1.085125
191,2,quotient_self_normalized,1024,3,1.067041
192,3,physical_rqmc,1024,3,1.367333
192,3,quotient_self_normalized,1024,0,1.403042
192,3,quotient_self_normalized,1024,1,1.375084
192,3,physical_rqmc,1024,4,1.336084
192,3,physical_rqmc,1024,2,1.34975
192,3,physical_rqmc,1024,1,1.997959
192,3,quotient_self_normalized,1024,2,1.4155
192,3,quotient_self_normalized,1024,3,1.547041
192,3,quotient_self_normalized,1024,4,1.397208
192,3,physical_rqmc,1024,0,1.3745
193,3,quotient_self_normalized,1024,1,1.4
193,3,quotient_self_normalized,1024,0,1.392583
193,3,physical_rqmc,1024,3,1.395292
193,3,physical_rqmc,1024,4,1.683875
193,3,physical_rqmc,1024,1,1.347417
193,3,quotient_self_normalized,1024,4,1.426666
193,3,physical_rqmc,1024,2,1.354416
193,3,quotient_self_normalized,1024,2,1.528167
193,3,quotient_self_normalized,1024,3,1.39575
193,3,physical_rqmc,1024,0,1.410625
194,3,quotient_self_normalized,1024,0,1.385375
194,3,physical_rqmc,1024,3,1.350625
194,3,quotient_self_normalized,1024,3,1.482625
194,3,physical_rqmc,1024,1,1.553
194,3,physical_rqmc,1024,4,1.341
194,3,quotient_self_normalized,1024,1,1.397583
194,3,quotient_self_normalized,1024,4,1.3915
194,3,physical_rqmc,1024,0,1.485625
194,3,physical_rqmc,1024,2,1.35925
194,3,quotient_self_normalized,1024,2,1.391083
195,3,quotient_self_normalized,1024,2,1.4375
195,3,quotient_self_normalized,1024,0,1.472584
195,3,physical_rqmc,1024,1,1.368375
195,3,physical_rqmc,1024,2,1.489875
195,3,quotient_self_normalized,1024,3,1.412292
195,3,quotient_self_normalized,1024,4,1.386041
195,3,physical_rqmc,1024,3,1.349125
195,3,physical_rqmc,1024,0,1.506417
195,3,physical_rqmc,1024,4,1.334708
195,3,quotient_self_normalized,1024,1,1.389125
196,3,physical_rqmc,1024,0,1.460375
196,3,quotient_self_normalized,1024,2,1.4545
196,3,quotient_self_normalized,1024,0,1.393125
196,3,physical_rqmc,1024,4,1.496625
196,3,physical_rqmc,1024,1,1.405542
196,3,physical_rqmc,1024,2,1.387875
196,3,quotient_self_normalized,1024,1,1.38425
196,3,quotient_self_normalized,1024,3,1.529875
196,3,quotient_self_normalized,1024,4,1.377916
196,3,physical_rqmc,1024,3,1.350458
197,3,quotient_self_normalized,1024,3,1.684166
197,3,quotient_self_normalized,1024,0,1.41225
197,3,physical_rqmc,1024,2,1.412792
197,3,physical_rqmc,1024,3,1.404125
197,3,quotient_self_normalized,1024,2,1.377375
197,3,physical_rqmc,1024,1,1.358042
197,3,physical_rqmc,1024,0,1.329583
197,3,physical_rqmc,1024,4,1.318291
197,3,quotient_self_normalized,1024,4,1.375833
197,3,quotient_self_normalized,1024,1,1.427667
198,3,physical_rqmc,1024,4,1.336667
198,3,quotient_self_normalized,1024,4,1.464833
198,3,quotient_self_normalized,1024,3,1.37675
198,3,quotient_self_normalized,1024,1,1.409166
198,3,physical_rqmc,1024,3,1.389792
198,3,quotient_self_normalized,1024,0,1.415334
198,3,quotient_self_normalized,1024,2,1.585333
198,3,physical_rqmc,1024,2,1.984625
198,3,physical_rqmc,1024,1,1.210875
198,3,physical_rqmc,1024,0,1.305625
199,3,physical_rqmc,1024,3,1.322667
199,3,quotient_self_normalized,1024,1,1.324958
199,3,physical_rqmc,1024,0,1.409833
199,3,quotient_self_normalized,1024,2,1.330416
199,3,physical_rqmc,1024,1,1.275
199,3,quotient_self_normalized,1024,3,1.369
199,3,physical_rqmc,1024,4,1.423
199,3,physical_rqmc,1024,2,1.262292
199,3,quotient_self_normalized,1024,0,1.42025
199,3,quotient_self_normalized,1024,4,1.403292
200,3,quotient_self_normalized,1024,3,1.3225
200,3,quotient_self_normalized,1024,2,1.389667
200,3,physical_rqmc,1024,2,1.506625
200,3,physical_rqmc,1024,4,1.285084
200,3,physical_rqmc,1024,0,1.35775
200,3,quotient_self_normalized,1024,1,1.386875
200,3,physical_rqmc,1024,3,1.449667
200,3,quotient_self_normalized,1024,4,1.381208
200,3,quotient_self_normalized,1024,0,1.36625
200,3,physical_rqmc,1024,1,1.359291
201,3,quotient_self_normalized,1024,1,1.388417
201,3,physical_rqmc,1024,0,1.389625
201,3,quotient_self_normalized,1024,4,1.576791
201,3,quotient_self_normalized,1024,0,1.344667
201,3,quotient_self_normalized,1024,3,1.338
201,3,physical_rqmc,1024,2,1.388166
201,3,physical_rqmc,1024,4,1.532792
201,3,physical_rqmc,1024,3,1.328417
201,3,physical_rqmc,1024,1,1.315875
201,3,quotient_self_normalized,1024,2,1.422625
202,3,physical_rqmc,1024,1,1.410208
202,3,physical_rqmc,1024,2,1.339792
202,3,quotient_self_normalized,1024,1,1.516458
202,3,quotient_self_normalized,1024,0,1.399375
202,3,quotient_self_normalized,1024,2,1.348125
202,3,physical_rqmc,1024,3,1.382541
202,3,physical_rqmc,1024,4,1.431375
202,3,quotient_self_normalized,1024,4,1.409417
202,3,quotient_self_normalized,1024,3,1.440125
202,3,physical_rqmc,1024,0,1.291334
203,3,quotient_self_normalized,1024,0,1.413459
203,3,quotient_self_normalized,1024,3,1.392709
203,3,physical_rqmc,1024,1,1.440875
203,3,physical_rqmc,1024,3,1.361041
203,3,quotient_self_normalized,1024,2,1.501667
203,3,quotient_self_normalized,1024,4,1.379625
203,3,physical_rqmc,1024,4,1.500834
203,3,physical_rqmc,1024,0,1.363541
203,3,quotient_self_normalized,1024,1,1.352417
203,3,physical_rqmc,1024,2,1.359709
204,3,physical_rqmc,1024,1,1.324833
204,3,quotient_self_normalized,1024,3,1.409333
204,3,quotient_self_normalized,1024,0,1.488917
204,3,physical_rqmc,1024,3,1.3715
204,3,quotient_self_normalized,1024,1,1.453208
204,3,quotient_self_normalized,1024,4,1.334333
204,3,physical_rqmc,1024,2,1.455541
204,3,physical_rqmc,1024,4,1.347834
204,3,quotient_self_normalized,1024,2,1.353041
204,3,physical_rqmc,1024,0,1.32875
205,3,quotient_self_normalized,1024,1,1.401958
205,3,physical_rqmc,1024,3,1.340959
205,3,physical_rqmc,1024,1,1.572708
205,3,quotient_self_normalized,1024,3,1.376792
205,3,quotient_self_normalized,1024,0,1.40375
205,3,physical_rqmc,1024,0,1.318417
205,3,quotient_self_normalized,1024,2,1.489333
205,3,physical_rqmc,1024,2,1.35375
205,3,physical_rqmc,1024,4,1.318834
205,3,quotient_self_normalized,1024,4,1.381666
206,3,quotient_self_normalized,1024,1,1.433666
206,3,physical_rqmc,1024,0,1.311375
206,3,physical_rqmc,1024,2,1.482125
206,3,quotient_self_normalized,1024,3,1.422916
206,3,physical_rqmc,1024,1,1.320625
206,3,quotient_self_normalized,1024,0,1.398584
206,3,quotient_self_normalized,1024,2,1.473167
206,3,quotient_self_normalized,1024,4,1.38375
206,3,physical_rqmc,1024,4,1.351208
206,3,physical_rqmc,1024,3,1.3175
207,3,physical_rqmc,1024,3,1.347458
207,3,physical_rqmc,1024,2,1.404584
207,3,physical_rqmc,1024,4,1.48175
207,3,quotient_self_normalized,1024,4,1.403291
207,3,quotient_self_normalized,1024,3,1.327583
207,3,physical_rqmc,1024,1,1.312208
207,3,quotient_self_normalized,1024,0,1.548166
207,3,quotient_self_normalized,1024,2,1.337
207,3,quotient_self_normalized,1024,1,1.390417
207,3,physical_rqmc,1024,0,1.354875
208,3,quotient_self_normalized,1024,0,1.319375
208,3,quotient_self_normalized,1024,4,1.341
208,3,physical_rqmc,1024,4,1.548625
208,3,quotient_self_normalized,1024,2,1.477625
208,3,physical_rqmc,1024,0,1.508334
208,3,quotient_self_normalized,1024,3,1.785125
208,3,physical_rqmc,1024,2,1.438833
208,3,physical_rqmc,1024,3,1.287917
208,3,physical_rqmc,1024,1,1.343833
208,3,quotient_self_normalized,1024,1,1.336875
209,3,physical_rqmc,1024,3,1.226167
209,3,physical_rqmc,1024,1,1.296958
209,3,physical_rqmc,1024,0,1.27625
209,3,physical_rqmc,1024,2,1.314792
209,3,quotient_self_normalized,1024,4,1.4295
209,3,quotient_self_normalized,1024,0,1.336167
209,3,physical_rqmc,1024,4,1.3035
209,3,quotient_self_normalized,1024,1,1.383083
209,3,quotient_self_normalized,1024,2,1.325291
209,3,quotient_self_normalized,1024,3,1.349708
210,3,quotient_self_normalized,1024,4,1.355334
210,3,physical_rqmc,1024,1,1.389083
210,3,physical_rqmc,1024,2,1.256708
210,3,quotient_self_normalized,1024,2,1.400709
210,3,quotient_self_normalized,1024,3,1.364167
210,3,quotient_self_normalized,1024,1,1.328458
210,3,physical_rqmc,1024,3,1.308167
210,3,quotient_self_normalized,1024,0,1.323791
210,3,physical_rqmc,1024,0,1.333459
210,3,physical_rqmc,1024,4,1.336042
211,3,physical_rqmc,1024,1,1.339917
211,3,physical_rqmc,1024,3,1.300333
211,3,quotient_self_normalized,1024,2,1.365042
211,3,quotient_self_normalized,1024,1,1.318167
211,3,quotient_self_normalized,1024,0,1.323458
211,3,physical_rqmc,1024,2,1.338834
211,3,physical_rqmc,1024,0,1.274625
211,3,quotient_self_normalized,1024,4,1.321833
211,3,physical_rqmc,1024,4,1.391
211,3,quotient_self_normalized,1024,3,1.3735
212,3,physical_rqmc,1024,2,1.304416
212,3,physical_rqmc,1024,1,1.296416
212,3,quotient_self_normalized,1024,4,1.374708
212,3,quotient_self_normalized,1024,2,1.322334
212,3,physical_rqmc,1024,0,1.320875
212,3,quotient_self_normalized,1024,1,1.376417
212,3,quotient_self_normalized,1024,0,1.306833
212,3,physical_rqmc,1024,4,1.325042
212,3,quotient_self_normalized,1024,3,1.385167
212,3,physical_rqmc,1024,3,1.393917
213,3,quotient_self_normalized,1024,3,1.380959
213,3,physical_rqmc,1024,2,1.330708
213,3,physical_rqmc,1024,1,1.284334
213,3,physical_rqmc,1024,4,1.275625
213,3,quotient_self_normalized,1024,2,1.347625
213,3,physical_rqmc,1024,3,1.338458
213,3,physical_rqmc,1024,0,1.324042
213,3,quotient_self_normalized,1024,4,1.326708
213,3,quotient_self_normalized,1024,1,1.367833
213,3,quotient_self_normalized,1024,0,1.319416
214,3,physical_rqmc,1024,4,1.329584
214,3,quotient_self_normalized,1024,3,1.392917
214,3,quotient_self_normalized,1024,1,1.326708
214,3,physical_rqmc,1024,0,1.3445
214,3,quotient_self_normalized,1024,0,1.453125
214,3,physical_rqmc,1024,1,1.299375
214,3,quotient_self_normalized,1024,2,1.35025
214,3,quotient_self_normalized,1024,4,1.319667
214,3,physical_rqmc,1024,2,2.146416
214,3,physical_rqmc,1024,3,1.41275
215,3,quotient_self_normalized,1024,2,1.423209
215,3,quotient_self_normalized,1024,4,1.426333
215,3,physical_rqmc,1024,4,1.5345
215,3,physical_rqmc,1024,1,1.358083
215,3,quotient_self_normalized,1024,0,1.415541
215,3,physical_rqmc,1024,3,1.390333
215,3,quotient_self_normalized,1024,1,1.733417
215,3,quotient_self_normalized,1024,3,1.507083
215,3,physical_rqmc,1024,0,1.372459
215,3,physical_rqmc,1024,2,1.351958
216,3,quotient_self_normalized,1024,4,1.429083
216,3,physical_rqmc,4096,0,5.02825
216,3,physical_rqmc,4096,2,4.859459
216,3,quotient_self_normalized,1024,3,1.579334
216,3,physical_rqmc,4096,3,4.636375
216,3,quotient_self_normalized,1024,1,1.490792
216,3,quotient_self_normalized,1024,2,1.424583
216,3,physical_rqmc,4096,1,4.714084
216,3,physical_rqmc,4096,4,4.748959
216,3,quotient_self_normalized,1024,0,1.528375
217,3,quotient_self_normalized,1024,3,1.54975
217,3,physical_rqmc,16384,3,18.579458
217,3,quotient_self_normalized,1024,1,2.141208
217,3,quotient_self_normalized,1024,0,1.431791
217,3,quotient_self_normalized,1024,2,1.351708
217,3,physical_rqmc,16384,2,17.935833
217,3,physical_rqmc,16384,4,17.316125
217,3,quotient_self_normalized,1024,4,1.535042
217,3,physical_rqmc,16384,0,17.975834
217,3,physical_rqmc,16384,1,17.718833
218,3,quotient_self_normalized,1024,4,1.370583
218,3,quotient_self_normalized,1024,2,1.543
218,3,quotient_self_normalized,1024,3,1.8475
218,3,physical_rqmc,16384,1,18.077375
218,3,physical_rqmc,16384,3,18.176625
218,3,quotient_self_normalized,1024,1,1.616042
218,3,quotient_self_normalized,1024,0,1.456209
218,3,physical_rqmc,16384,2,18.190792
218,3,physical_rqmc,16384,4,18.234916
218,3,physical_rqmc,16384,0,18.843875
219,3,physical_rqmc,4096,1,5.109375
219,3,quotient_self_normalized,1024,1,1.415583
219,3,physical_rqmc,4096,0,4.730209
219,3,physical_rqmc,4096,3,4.97975
219,3,quotient_self_normalized,1024,3,1.461791
219,3,quotient_self_normalized,1024,4,1.402542
219,3,physical_rqmc,4096,4,4.619917
219,3,quotient_self_normalized,1024,2,1.342125
219,3,physical_rqmc,4096,2,4.606875
219,3,quotient_self_normalized,1024,0,1.438166
220,3,physical_rqmc,4096,0,4.707083
220,3,quotient_self_normalized,1024,3,1.333125
220,3,quotient_self_normalized,1024,2,1.380833
220,3,quotient_self_normalized,1024,4,1.389458
220,3,physical_rqmc,4096,2,4.79875
220,3,quotient_self_normalized,1024,0,1.565292
220,3,physical_rqmc,4096,3,4.72
220,3,physical_rqmc,4096,1,4.554583
220,3,physical_rqmc,4096,4,4.78425
220,3,quotient_self_normalized,1024,1,1.355958
221,3,physical_rqmc,16384,0,18.589584
221,3,physical_rqmc,16384,1,17.947834
221,3,quotient_self_normalized,1024,0,1.439125
221,3,quotient_self_normalized,1024,4,1.471209
221,3,physical_rqmc,16384,2,18.673125
221,3,quotient_self_normalized,1024,3,1.584625
221,3,quotient_self_normalized,1024,2,1.403334
221,3,physical_rqmc,16384,4,17.907875
221,3,quotient_self_normalized,1024,1,1.369833
221,3,physical_rqmc,16384,3,18.842792
222,3,physical_rqmc,16384,4,18.114958
222,3,physical_rqmc,16384,2,20.489625
222,3,physical_rqmc,16384,1,17.913
222,3,physical_rqmc,16384,0,17.804166
222,3,quotient_self_normalized,1024,3,1.505625
222,3,quotient_self_normalized,1024,1,1.341459
222,3,quotient_self_normalized,1024,4,1.417709
222,3,physical_rqmc,16384,3,17.621584
222,3,quotient_self_normalized,1024,0,1.476125
222,3,quotient_self_normalized,1024,2,1.345083
223,3,physical_rqmc,16384,4,18.331709
223,3,physical_rqmc,16384,2,17.276083
223,3,physical_rqmc,16384,0,17.998541
223,3,quotient_self_normalized,1024,2,1.585792
223,3,physical_rqmc,16384,1,17.584
223,3,physical_rqmc,16384,3,17.652459
223,3,quotient_self_normalized,1024,0,1.464209
223,3,quotient_self_normalized,1024,4,1.381125
223,3,quotient_self_normalized,1024,1,1.3755
223,3,quotient_self_normalized,1024,3,1.359291
224,3,physical_rqmc,65536,2,74.032042
224,3,quotient_self_normalized,1024,2,2.004167
224,3,physical_rqmc,65536,1,71.077084
224,3,quotient_self_normalized,1024,1,1.85375
224,3,physical_rqmc,65536,4,71.62975
224,3,quotient_self_normalized,1024,0,1.835292
224,3,quotient_self_normalized,1024,4,1.395875
224,3,quotient_self_normalized,1024,3,1.392958
224,3,physical_rqmc,65536,0,71.658667
224,3,physical_rqmc,65536,3,74.213583
225,3,physical_rqmc,16384,2,19.448459
225,3,quotient_self_normalized,1024,3,1.63175
225,3,quotient_self_normalized,1024,4,1.477209
225,3,quotient_self_normalized,1024,0,1.498083
225,3,physical_rqmc,16384,3,18.967917
225,3,quotient_self_normalized,1024,2,1.740833
225,3,physical_rqmc,16384,1,19.342917
225,3,physical_rqmc,16384,0,18.347958
225,3,quotient_self_normalized,1024,1,2.425792
225,3,physical_rqmc,16384,4,21.475375
226,3,physical_rqmc,4096,0,5.361375
226,3,quotient_self_normalized,1024,2,1.445083
226,3,physical_rqmc,4096,1,4.836292
226,3,quotient_self_normalized,1024,0,1.483292
226,3,quotient_self_normalized,1024,4,1.446084
226,3,quotient_self_normalized,1024,1,1.39225
226,3,quotient_self_normalized,1024,3,1.549
226,3,physical_rqmc,4096,4,4.783041
226,3,physical_rqmc,4096,3,4.738
226,3,physical_rqmc,4096,2,4.896459
227,3,quotient_self_normalized,1024,0,1.421958
227,3,physical_rqmc,4096,2,4.739167
227,3,quotient_self_normalized,1024,3,1.407125
227,3,physical_rqmc,4096,3,5.679917
227,3,quotient_self_normalized,1024,4,1.523208
227,3,physical_rqmc,4096,4,4.809875
227,3,physical_rqmc,4096,0,4.802333
227,3,quotient_self_normalized,1024,1,1.503
227,3,quotient_self_normalized,1024,2,1.560167
227,3,physical_rqmc,4096,1,5.088083
228,3,quotient_self_normalized,1024,2,1.406333
228,3,physical_rqmc,16384,2,19.335
228,3,quotient_self_normalized,1024,3,1.461667
228,3,quotient_self_normalized,1024,4,1.4795
228,3,physical_rqmc,16384,4,19.026333
228,3,quotient_self_normalized,1024,0,1.698375
228,3,physical_rqmc,16384,0,18.676375
228,3,quotient_self_normalized,1024,1,1.601625
228,3,physical_rqmc,16384,1,18.267083
228,3,physical_rqmc,16384,3,18.995791
229,3,quotient_self_normalized,1024,4,1.314959
229,3,physical_rqmc,16384,4,18.065917
229,3,quotient_self_normalized,1024,2,1.454
229,3,physical_rqmc,16384,2,18.496209
229,3,physical_rqmc,16384,0,17.580458
229,3,quotient_self_normalized,1024,0,1.47
229,3,physical_rqmc,16384,1,18.187584
229,3,quotient_self_normalized,1024,1,1.487583
229,3,physical_rqmc,16384,3,18.116125
229,3,quotient_self_normalized,1024,3,1.544417
230,3,quotient_self_normalized,1024,1,1.382916
230,3,physical_rqmc,1024,3,1.400791
230,3,physical_rqmc,1024,2,1.410834
230,3,quotient_self_normalized,1024,0,1.392917
230,3,physical_rqmc,1024,1,1.331875
230,3,physical_rqmc,1024,4,1.348625
230,3,quotient_self_normalized,1024,4,1.385459
230,3,physical_rqmc,1024,0,1.33825
230,3,quotient_self_normalized,1024,3,1.377833
230,3,quotient_self_normalized,1024,2,1.36625
231,3,quotient_self_normalized,1024,3,1.208416
231,3,quotient_self_normalized,1024,1,1.927625
231,3,physical_rqmc,16384,1,17.921833
231,3,quotient_self_normalized,1024,4,1.593916
231,3,quotient_self_normalized,1024,2,1.448041
231,3,physical_rqmc,16384,3,18.064791
231,3,physical_rqmc,16384,4,18.403208
231,3,quotient_self_normalized,1024,0,1.569208
231,3,physical_rqmc,16384,0,18.002583
231,3,physical_rqmc,16384,2,17.701833
232,3,quotient_self_normalized,1024,0,1.366459
232,3,physical_rqmc,262144,3,288.406166
232,3,quotient_self_normalized,1024,2,1.755291
232,3,quotient_self_normalized,1024,1,1.499166
232,3,quotient_self_normalized,1024,3,1.448875
232,3,physical_rqmc,262144,4,288.799792
232,3,physical_rqmc,262144,1,283.231334
232,3,quotient_self_normalized,1024,4,1.718083
232,3,physical_rqmc,262144,2,289.681292
232,3,physical_rqmc,262144,0,289.08375
233,3,physical_rqmc,65536,4,70.619583
233,3,physical_rqmc,65536,3,71.346542
233,3,quotient_self_normalized,1024,2,1.985125
233,3,quotient_self_normalized,1024,4,1.438625
233,3,physical_rqmc,65536,0,73.029333
233,3,quotient_self_normalized,1024,3,2.086125
233,3,physical_rqmc,65536,1,71.982125
233,3,quotient_self_normalized,1024,1,1.973792
233,3,physical_rqmc,65536,2,74.186583
233,3,quotient_self_normalized,1024,0,2.2085
234,3,physical_rqmc,262144,3,289.25175
234,3,physical_rqmc,262144,0,288.233166
234,3,quotient_self_normalized,1024,2,1.59425
234,3,physical_rqmc,262144,2,287.372333
234,3,physical_rqmc,262144,1,289.106083
234,3,quotient_self_normalized,1024,3,1.703208
234,3,quotient_self_normalized,1024,1,1.413458
234,3,quotient_self_normalized,1024,0,1.409833
234,3,physical_rqmc,262144,4,285.059375
234,3,quotient_self_normalized,1024,4,1.720291
235,3,quotient_self_normalized,1024,0,1.437875
235,3,quotient_self_normalized,1024,1,1.593167
235,3,physical_rqmc,262144,2,289.02875
235,3,physical_rqmc,262144,1,289.286958
235,3,physical_rqmc,262144,4,289.090666
235,3,quotient_self_normalized,1024,3,1.543375
235,3,physical_rqmc,262144,3,286.771459
235,3,quotient_self_normalized,1024,2,1.661125
235,3,quotient_self_normalized,1024,4,1.379625
235,3,physical_rqmc,262144,0,289.83575
236,3,physical_rqmc,262144,0,280.650916
236,3,quotient_self_normalized,1024,2,1.729792
236,3,physical_rqmc,262144,3,288.882917
236,3,physical_rqmc,262144,4,287.516167
236,3,quotient_self_normalized,1024,3,1.660541
236,3,physical_rqmc,262144,1,289.106834
236,3,physical_rqmc,262144,2,290.277958
236,3,quotient_self_normalized,1024,1,1.766542
236,3,quotient_self_normalized,1024,0,1.464333
236,3,quotient_self_normalized,1024,4,1.41875
237,3,quotient_self_normalized,1024,4,1.376208
237,3,physical_rqmc,262144,4,286.282708
237,3,physical_rqmc,262144,0,284.204042
237,3,physical_rqmc,262144,1,288.958208
237,3,quotient_self_normalized,1024,1,1.698875
237,3,physical_rqmc,262144,3,289.441167
237,3,physical_rqmc,262144,2,282.354083
237,3,quotient_self_normalized,1024,3,1.660208
237,3,quotient_self_normalized,1024,2,1.388291
237,3,quotient_self_normalized,1024,0,1.569542
238,3,physical_rqmc,262144,2,293.208625
238,3,physical_rqmc,262144,0,282.616833
238,3,quotient_self_normalized,4096,0,4.882917
238,3,quotient_self_normalized,4096,3,4.626333
238,3,physical_rqmc,262144,1,281.440834
238,3,quotient_self_normalized,4096,1,4.804166
238,3,quotient_self_normalized,4096,2,4.619
238,3,quotient_self_normalized,4096,4,6.302542
238,3,physical_rqmc,262144,3,305.061959
238,3,physical_rqmc,262144,4,290.820667
239,3,quotient_self_normalized,1024,1,1.500667
239,3,physical_rqmc,262144,1,287.932375
239,3,quotient_self_normalized,1024,3,1.6965
239,3,quotient_self_normalized,1024,2,1.465375
239,3,quotient_self_normalized,1024,0,1.481208
239,3,physical_rqmc,262144,2,288.6065
239,3,physical_rqmc,262144,0,290.229625
239,3,physical_rqmc,262144,4,287.193
239,3,physical_rqmc,262144,3,286.244792
239,3,quotient_self_normalized,1024,4,1.61625
